distance_km,weight_kg,priority,weather,delivery_time
39,2.4278954919615705,3,1,97.01
29,5.872724666753683,1,1,83.26
15,9.806643792821893,2,0,46.9
43,2.0702940542166584,3,0,102.71
8,7.15239361472295,2,1,40.39
21,6.065196386733069,2,1,66.0
39,6.071551375792716,2,1,103.61
19,7.127870961440713,1,1,57.8
23,9.331360767319,2,1,76.59
11,7.9345284285877105,1,0,28.78
11,1.033292982453995,1,0,24.39
24,8.600916188819257,2,0,64.13
36,2.64264263429446,2,0,78.2
40,4.080684564995534,2,1,99.48
24,4.886461729317631,2,0,62.49
3,5.068607007154162,1,0,18.71
22,4.634213792925889,2,0,57.67
2,9.404856295050712,2,1,30.11
24,7.207180572808234,1,0,62.92
44,6.496121136588711,3,1,115.12
30,0.9734992639379447,3,0,73.27
38,9.08717663747356,1,1,102.96
2,9.139206824079764,3,0,26.8
21,7.912024102585972,1,1,62.18
33,0.566777436229382,2,0,70.89
12,1.044162385237422,2,1,37.92
22,2.6396251715506525,3,1,64.01
44,1.7478193773766137,2,0,97.43
25,4.288942282185429,3,1,75.58
49,9.264919051834001,3,1,128.74
27,4.984574124871484,2,0,67.53
42,0.6273249511055733,2,0,91.37
28,3.186084050998239,3,1,76.23
16,0.9236516295431346,2,0,36.61
15,0.8447324148282704,1,0,29.0
47,3.1193386044077465,2,0,102.59
44,3.1183172174499814,2,1,108.1
3,7.977702724715239,1,1,26.86
37,9.760929201420563,2,1,101.93
7,4.026467391954984,2,1,35.44
21,4.574425349179867,3,1,67.42
9,8.525499644717204,2,1,41.55
39,3.047320690907377,2,1,99.56
18,1.9856271418327556,1,0,45.36
4,8.604351422334679,3,1,34.52
25,0.9417555711806223,3,1,65.94
14,6.3871446818944495,3,0,50.15
9,5.838932050934664,2,0,32.32
26,3.7862442512660954,3,0,60.02
2,3.49430045042491,1,1,16.04
20,7.832648398725402,3,0,60.0
28,1.3210338022441916,1,1,65.49
47,2.7494509384581614,3,1,113.88
7,7.458262952461853,3,1,42.28
44,5.70904554540103,1,0,103.95
8,1.7158879810690708,3,0,26.7
47,8.880288335679571,3,1,127.54
35,4.23775454235412,3,1,97.64
14,8.364749565560642,2,1,58.85
17,7.983273647513232,1,0,49.83
36,6.432041741481417,3,1,92.76
40,5.197570747303383,1,0,92.18
4,9.80573298362669,1,1,36.85
2,1.877168187608262,1,0,9.57
6,7.3889794117355905,3,1,45.32
42,2.3163116639154957,3,0,99.05
4,3.7134995006573095,1,0,18.28
29,3.432638062045355,2,0,72.41
18,9.496841883517869,1,0,54.25
26,9.689883688988614,2,0,65.06
44,2.238646720229908,1,0,92.86
34,0.7093340228262898,1,1,83.66
10,7.3400763767995745,1,1,39.59
36,4.470904371769601,3,1,95.04
14,1.3439823283318617,2,1,40.88
31,6.995664002981904,2,0,83.85
48,5.678502518476647,1,1,120.56
15,9.814909809010507,3,0,51.07
8,2.6603902106831,3,0,29.43
14,4.337789825102208,2,0,38.47
23,5.654185132256518,3,1,73.33
40,8.021149890306841,2,0,99.56
21,5.713967238840558,2,1,67.01
16,6.322551528188518,2,1,56.48
45,2.648396990104437,3,1,119.78
18,8.545727916841319,2,1,59.73
47,4.571990196219519,2,1,109.73
24,1.839116461456808,1,0,52.58
26,6.809785187801465,2,0,63.51
25,2.552859305260421,2,1,63.35
45,1.4268438472733476,1,0,92.14
41,8.688875629840586,1,1,103.27
29,4.871541512640177,3,0,71.44
15,7.618195270609876,2,0,48.98
45,3.2605818181603734,3,0,102.37
1,7.97621628171783,3,0,22.43
25,1.563391306704538,1,0,58.03
7,3.881747051051101,3,0,26.52
9,9.79158727074852,2,0,37.89
24,8.042902305496057,1,0,64.16
1,5.223931337989538,2,0,10.01
44,3.7278859798379083,2,0,92.44
8,8.785289150213528,1,0,33.22
24,5.676053711302899,2,0,63.99
11,7.705037669756555,1,0,42.75
17,7.664022963003559,2,1,59.97
8,0.6704839464006724,1,0,22.46
35,1.6994109365298278,3,0,80.96
35,6.766478980750051,2,0,87.04
33,2.035388207215779,1,0,77.05
5,2.9271867742282445,2,0,14.02
42,9.493060564896268,2,0,105.48
39,5.821731454561663,2,1,107.14
41,7.631930316493798,1,1,105.29
28,5.800817018435079,3,1,86.65
7,5.74887934043589,3,0,29.74
9,1.39444314619413,3,0,29.0
8,3.764800329786479,1,0,24.75
12,3.183093537521861,3,1,39.12
34,4.211919473329326,1,0,73.81
33,8.084269788131119,2,0,80.84
48,4.033360345210216,2,1,118.52
23,4.791119782700986,3,1,72.8
24,4.275123209610507,1,0,58.38
37,1.387375733765308,2,0,84.55
35,4.6901855033824456,1,0,79.54
44,2.3582880939228925,1,0,98.14
40,2.2738713098438943,2,1,97.44
22,1.3933429921255303,1,0,49.26
27,3.888374254346765,2,0,65.04
35,7.696077905499465,2,1,97.6
1,3.1261960605422625,2,0,11.43
35,3.467316467912379,1,0,81.13
37,6.605409247888025,2,1,94.51
47,2.3604877195757292,1,1,105.24
14,9.021100339023576,2,0,49.59
3,5.441809970889768,2,1,27.9
1,4.752227933042061,3,1,24.77
5,5.7992918233274136,3,0,30.37
26,2.0773259774538566,3,1,70.29
14,6.327994817072175,1,0,39.89
39,3.9494569980230994,1,0,91.12
27,9.02327023916388,2,0,78.15
9,2.1041149634380183,2,0,31.87
15,5.31698548672169,2,1,51.13
15,6.182069979005671,2,0,48.97
26,0.8171442169706216,1,0,53.38
42,3.955084685183332,2,0,93.21
13,7.460034729657911,2,0,36.14
32,8.293586320765247,3,1,98.46
39,3.4750389507641826,2,1,94.62
49,8.086636087636137,2,1,123.75
32,9.693680832482194,2,0,81.81
4,8.640302392713394,1,1,34.05
30,1.6176178875135894,3,1,78.3
37,7.527438154812636,2,0,87.38
23,3.536834908185175,2,1,66.63
39,9.889951899414728,3,0,97.53
45,5.110910340018927,2,1,109.15
15,1.6631220344099398,1,1,37.17
43,7.3892627062602125,2,1,106.81
29,3.5686063846690317,1,1,74.89
36,9.972242492275786,1,0,84.06
13,9.807933349617958,2,0,42.27
32,6.733273171195517,3,1,91.09
7,1.733351265041317,1,0,17.97
22,7.025179477912776,3,1,77.51
28,1.3837896213702585,2,1,77.58
2,0.778959511472727,1,1,13.56
42,8.318105239104117,2,1,112.15
45,2.492653002994973,3,1,112.99
6,4.100757699081425,2,1,30.36
28,9.747845204773645,2,0,72.14
28,3.699984767680481,1,0,64.51
44,3.316652922191495,2,1,106.46
44,9.222975996416364,2,0,106.53
20,1.552110230530102,2,1,57.66
30,7.716032896089002,1,0,72.32
11,9.886622883201353,3,0,42.37
28,9.062312102359163,3,0,78.92
25,6.690845227711046,2,1,75.19
39,3.483577552430954,1,0,82.7
33,2.916058821194009,2,1,87.16
1,8.28292349627888,3,1,26.11
27,8.858308182541105,1,1,76.55
13,5.491631669184082,3,0,42.46
41,2.8212294374714286,3,0,93.32
3,1.5729604799061487,1,0,9.66
39,1.3282049444023962,1,1,96.61
6,7.331235749861628,2,1,34.44
8,4.491127914553387,2,0,36.06
27,9.100918805639768,3,1,85.96
9,7.526877356904255,1,0,32.57
37,2.316973970188574,1,0,81.9
33,6.330885478749141,2,0,89.09
42,4.6373018167825135,3,0,96.98
44,5.983872442301824,3,1,110.61
24,7.511656671715913,2,0,63.0
15,8.158860869536014,1,0,45.33
32,8.515504600863881,2,0,77.6
32,2.9127613084342348,2,0,74.44
24,0.7955981992148979,2,0,60.27
41,7.523299984065345,2,0,99.74
49,1.5102653994298587,1,0,102.39
49,3.4917360918231926,2,1,115.38
12,0.5362627741812979,1,1,38.5
39,6.975860082815391,2,1,99.99
2,2.087754108976602,3,1,29.67
3,6.725182892070753,1,0,24.89
49,9.92155486309447,3,1,130.65
37,1.1903732802951548,2,1,89.75
49,1.2322411135388767,2,1,116.94
17,3.7336108803334116,2,0,48.88
49,8.73067188538775,1,1,119.68
2,2.5475337535176523,3,1,23.24
2,3.923589289338302,1,0,8.92
28,1.1508013629563059,1,1,69.95
23,7.749975266959449,2,0,65.62
37,4.378910256214786,3,1,93.52
32,7.712862964078007,2,0,80.2
33,9.084274521294553,1,1,86.58
1,2.711249897462243,2,1,17.37
19,8.170262288229537,3,1,68.91
2,1.0613919557434062,2,0,9.39
44,9.03905018771235,3,1,117.66
26,6.6823012018081,3,0,66.14
32,8.80515387931434,2,0,83.77
6,0.501789795787528,1,0,15.62
32,2.106270168381929,2,0,70.97
4,4.202714180551675,1,1,24.74
11,4.105277582059827,1,1,39.7
17,2.653938637773351,2,1,49.54
38,4.1253134287384015,1,0,80.76
24,1.7240627640024209,1,1,67.0
5,4.421230728027247,2,0,20.73
34,8.12236612701301,2,0,85.89
6,5.051165599481837,2,0,28.61
22,0.6710008449795424,1,1,66.59
11,4.50371839500285,3,1,42.02
48,0.7581626528630195,1,0,101.49
16,9.679312401714583,3,1,61.4
33,1.710812614517255,2,1,80.95
9,7.223039100140878,3,0,35.67
6,9.741375067474815,2,0,29.24
16,8.347370990832433,2,1,58.4
29,7.143496063698935,3,0,73.29
3,8.474878640257286,2,0,27.55
20,9.827087585975962,3,1,71.91
36,6.402772723908531,2,1,96.87
19,5.8122556648786015,1,0,48.32
26,6.468262049401173,1,1,71.6
3,5.560420924234772,2,0,21.2
19,6.533346506142329,2,0,50.31
20,4.773500975739313,3,1,63.09
32,2.5752102373914174,1,0,68.28
7,1.6423486518609185,3,0,22.79
41,1.1492388875564736,2,0,83.39
33,3.001499945655401,2,1,88.52
40,0.9381738611894714,3,1,96.35
39,5.888122409234163,2,1,104.32
18,3.1963702467234425,1,0,47.0
40,8.333080676826807,3,0,97.64
1,1.2052882933896711,1,1,11.54
11,2.6503391962441163,1,1,44.66
28,7.4373383973563865,1,1,83.41
25,6.1886788156431685,3,0,68.19
23,1.1126670768670917,2,1,62.44
31,8.833774843040905,1,0,76.36
30,8.833986746848705,1,1,85.55
42,3.6388760368198514,1,0,90.31
35,3.7338555118208645,2,0,75.5
7,9.895769404326652,2,1,38.88
16,6.448673630134813,3,0,50.74
26,5.547506945396561,2,1,70.93
48,8.462445743743281,3,0,117.49
49,3.210258214394506,3,0,108.59
2,4.5772346372653905,3,1,25.52
1,3.0438784171391746,3,0,18.13
48,7.997028042592948,3,1,125.74
12,5.946818783534571,1,1,43.89
5,6.75883816633067,2,1,36.78
37,2.8969188734743625,1,0,82.79
32,2.5921403630844937,3,0,81.23
9,5.139558975337918,2,0,30.33
41,7.506874616381855,1,1,102.97
35,5.4897776964415215,1,1,85.33
19,0.8101339366838518,3,0,46.93
48,8.751239310042743,1,0,115.02
16,1.1145254883937499,1,1,48.57
3,9.580332595347146,1,0,26.25
20,0.7388486036340909,1,1,46.73
24,7.097279333241733,1,0,64.9
33,1.2809671052619258,3,1,79.41
24,9.151427504633826,3,0,73.42
11,4.912115744142657,1,0,31.26
49,1.8064758607616462,3,1,119.82
8,3.7377491480035427,3,1,34.61
36,2.0658344157942397,2,1,92.61
38,2.120528159792355,1,0,77.79
40,9.507029041628702,3,1,109.26
20,4.729838066705487,3,1,61.1
35,7.993621507100916,1,0,79.73
48,6.576252831187977,2,1,120.15
25,6.926050442214726,1,1,76.81
35,1.751087665484366,2,1,94.63
25,2.7247522447471137,1,0,57.38
29,7.974128183967151,1,0,76.31
18,9.722278961510439,1,0,54.28
46,2.9954186046871913,1,1,108.99
18,3.0799032651348788,2,0,45.59
2,4.992522761703596,2,1,26.07
35,9.84648297212666,3,1,103.38
16,3.055109985351475,1,1,45.85
41,4.366233141525507,2,0,94.32
36,8.969060148423313,2,0,91.28
33,0.5277498099029391,2,1,83.27
4,0.8777766673914107,1,1,17.12
33,6.238680932176583,3,0,84.2
14,9.120111564772046,2,0,53.42
21,2.769138273818313,1,0,52.65
48,4.961596859466735,2,1,121.49
20,4.7794203657492735,2,0,53.24
8,4.993227787907347,3,0,33.45
7,6.413937109432579,2,0,32.63
3,4.962565748411496,2,1,32.12
17,4.750947342563349,1,0,38.27
33,5.005739994096975,1,1,80.56
48,6.1132406920748945,3,1,126.1
12,5.601571139337905,1,1,42.57
22,8.614291977679791,1,0,57.91
22,0.9702201081898328,3,0,50.69
46,8.416512178993619,2,0,108.96
30,8.517283819811379,3,1,85.57
38,3.206626204544128,1,0,90.08
38,4.897093572650581,3,1,100.28
45,4.6661156411056375,2,0,102.83
8,2.575843426364238,3,0,30.63
27,4.2695700473200064,1,0,66.29
27,0.9216838356231172,1,0,61.22
34,3.139309691426477,3,1,92.93
21,8.258480666781821,2,1,66.5
30,3.2033418667475266,3,1,80.91
33,8.272963353108352,2,1,94.72
28,5.550194913742093,2,0,68.74
47,8.85869543493102,3,1,124.27
33,5.960405765511944,2,1,90.14
5,0.7818481191150283,1,1,24.53
48,6.916491971697347,3,0,110.04
19,0.9261088962239022,2,1,55.53
4,4.780671680339773,1,1,25.47
35,9.329553597494582,3,0,95.12
49,2.0694374237095765,1,0,106.43
17,4.203787352944669,1,1,56.13
44,7.433672934060545,1,1,114.21
28,8.881456282901052,2,0,79.36
30,6.873958545053825,3,1,91.64
29,2.9526459148161077,3,0,72.3
46,6.908774602704054,2,1,116.46
6,3.3189125904888552,3,1,36.6
35,7.325077683277985,1,1,94.18
41,9.563314712057885,3,1,112.42
37,7.353237785509739,2,1,100.24
24,8.697364777667918,1,0,63.94
29,0.5199865101708925,2,0,62.22
49,7.316935184950147,1,1,123.85
46,8.381081790219877,1,1,115.74
31,0.8853080066744735,3,1,86.47
35,8.780178409238191,1,0,81.29
33,2.9385951689454357,2,0,74.74
21,6.820274968791525,3,0,61.33
32,8.103371350722362,2,0,85.57
23,6.795312874063877,1,0,60.39
33,1.3767055246959439,2,0,75.0
3,6.165054429173499,2,0,17.87
18,5.721044738860364,1,0,44.11
25,9.053052046705579,3,1,81.55
42,4.340277431619987,2,0,92.42
31,3.5502704223269763,1,0,68.73
3,7.62358226214643,3,0,27.94
40,4.4204155977922674,3,0,92.68
46,6.637913662548098,3,1,123.77
24,6.641275856183766,2,0,67.63
32,8.936371111421119,2,1,86.69
47,6.187577822031425,2,1,114.48
22,5.270459294638876,3,1,62.05
23,1.8192776007669116,2,0,52.38
2,1.599507263447701,1,0,11.7
27,1.9660548701892542,2,0,61.71
42,2.1325605726073977,2,1,102.58
2,6.559832380304522,3,1,26.27
26,7.539321877608495,2,1,79.7
17,5.534919467800978,1,1,51.64
40,8.375668459182165,3,0,101.6
33,9.917000653969515,1,0,83.6
9,8.290119976633882,3,0,35.62
43,7.101382549921612,3,1,110.19
48,5.558680644652893,2,1,121.24
39,4.764104180909728,1,0,89.34
29,1.3017276151731523,3,0,72.1
42,4.294003109749564,2,1,105.41
26,9.146279049430275,3,0,75.15
35,8.176214984112253,3,0,86.09
25,2.5524879676110284,3,1,70.02
24,4.932773954623551,3,1,72.32
13,8.258870424306174,3,1,61.25
7,1.140153270462464,3,0,26.77
36,4.180229563852263,2,1,96.88
45,8.592491750302502,3,0,113.68
20,4.337029709616175,1,0,47.37
1,1.2373391249486883,2,1,18.21
8,5.654076501056389,1,0,28.19
46,8.686553701723806,3,1,119.21
16,6.107712658055017,1,1,51.01
14,2.649651528035202,3,0,40.36
12,4.150276391305123,3,0,44.04
23,4.7761719312283555,2,1,60.92
15,6.0030303612950044,2,1,56.62
28,7.713834744649824,3,1,81.76
34,1.4392993675860364,2,1,80.04
2,8.95169431366688,1,1,31.97
32,0.616942178652718,2,1,81.12
23,4.015497179405425,2,0,61.79
22,0.7604929447402478,1,0,50.54
25,4.233255140780267,2,0,68.53
22,5.495219689296576,3,0,62.92
22,5.3609731725243615,1,1,62.57
49,2.0734692967685207,3,0,111.14
42,6.634534845908317,1,0,100.68
6,0.9253952797943481,3,1,28.05
15,7.738114791257947,3,0,48.65
43,9.49312212293869,2,1,113.31
37,3.72780385793562,3,1,90.28
33,5.413774126286153,2,1,88.53
8,4.099647641558737,1,1,27.49
44,0.5637487078885696,3,1,106.0
44,4.165807777503602,3,0,105.84
5,8.02134246298279,1,0,23.6
39,6.161894000743077,1,0,95.27
4,1.4619691888440098,3,1,22.81
6,8.547825152090958,1,0,31.4
45,5.545310776409807,2,0,106.34
32,8.496371936574423,1,0,74.6
30,6.012104428457779,1,0,80.15
47,5.817040225960429,3,1,119.53
35,1.4999622593716175,2,0,75.62
40,2.0899174648169656,1,1,89.91
16,9.734239936717616,2,1,59.94
13,2.6706240941703223,2,0,35.62
42,9.785795120908496,2,1,112.99
30,5.553170711980502,3,1,84.44
19,1.7899959471074027,1,1,53.58
17,1.4433709261600831,3,1,52.0
19,2.48420867170453,1,1,46.92
28,9.29355463524069,1,1,80.49
26,4.434427131118154,3,1,68.55
37,4.256625545932686,2,0,87.45
26,3.475459480166653,2,0,60.28
23,1.8970875803825895,1,1,60.34
9,5.134586373327862,3,1,46.64
12,1.7354539338558175,2,0,29.76
1,8.437062245632113,2,0,23.84
1,4.018771369615411,1,0,9.73
47,4.060633893927065,1,0,108.35
34,5.003061070589981,3,1,91.41
32,4.71921327507464,1,1,79.56
48,9.951150744063554,2,0,118.99
25,5.681120651573874,2,0,63.21
40,1.3379161860037716,2,0,85.48
45,6.2653347449808345,2,0,103.96
1,1.9400507822638595,3,1,21.78
16,0.7939076249477488,3,0,46.22
39,9.722050459933858,1,0,89.78
5,7.848619469578357,1,0,24.84
22,9.811035427930786,1,1,71.59
29,5.039845256211303,3,1,83.14
3,5.556446545915273,2,1,32.26
12,2.099201081231737,1,0,29.93
26,2.845620553342063,2,0,61.71
16,8.466217541576867,1,0,49.48
37,3.8837636476171444,1,1,91.12
22,8.35474225106598,1,1,66.36
29,7.235630380726802,1,0,73.4
14,2.183123790082722,1,0,32.32
28,5.320740478137551,2,1,76.15
5,6.93517955442781,1,0,21.82
47,2.732853540636339,2,0,108.16
49,8.39154084994073,3,0,109.92
30,5.675862746679274,1,1,80.7
46,2.0697994792047307,2,0,101.21
5,6.038352048563723,3,0,23.01
12,9.997281139481183,3,0,48.93
16,1.9299541708024288,3,0,45.32
26,8.259190836135517,2,1,80.16
26,2.4694355302818005,1,1,58.75
48,7.9326891298708295,1,1,123.0
21,7.478490269653426,2,0,57.0
39,3.3546491632041073,1,1,96.09
36,3.595319616862273,2,0,85.62
33,8.028953223647733,1,1,86.41
30,4.88373236292947,3,0,78.31
37,7.442771272762183,1,1,95.01
23,1.9058493999754302,2,1,56.64
10,8.599298928064758,2,1,50.4
5,7.253404808482031,3,0,27.55
36,9.115956683930921,2,0,89.11
34,1.7575376008322383,1,0,72.43
31,6.133637753425678,1,1,83.02
10,6.191645557883089,3,0,38.12
19,3.8578770351944334,2,0,51.43
32,4.855431033407949,3,0,76.26
1,0.860824851253608,1,0,4.06
5,7.585670366956614,3,0,30.03
45,5.718563554330153,2,0,110.27
4,1.0485399927571508,3,1,26.23
16,6.967180983124613,2,1,59.71
24,4.934429733696286,2,0,61.52
16,0.8273819645375,1,1,42.79
2,9.711273405056906,1,1,28.83
49,9.516565359349684,1,0,114.77
28,5.372572953398377,2,0,71.87
32,1.3898879967061468,3,1,87.21
27,7.668901605186622,2,0,72.58
20,5.173345451004426,1,1,62.32
24,3.373251043749109,1,1,61.17
12,5.168472686521289,3,1,47.51
35,5.463219381351912,1,0,79.02
33,5.845761140712223,1,1,86.71
33,4.691625279725602,1,0,74.96
43,6.254675379821038,3,0,106.57
37,9.227979750760586,2,0,91.05
12,3.941546827436616,1,0,33.04
3,7.3943064005895165,3,0,28.15
1,8.997299289830206,1,1,20.3
33,4.8318031197194005,3,0,88.61
40,4.712830445628089,1,0,89.22
10,6.220111360870406,3,0,32.26
43,6.118364214513637,1,0,98.65
44,8.162598752099631,2,0,106.34
29,5.026592145893781,1,1,76.29
13,9.96316802157469,3,0,52.92
12,1.0649799042391674,1,0,30.84
31,0.5300945615166666,2,1,77.69
46,6.581883959816426,1,0,106.22
2,3.3351316674378286,3,1,25.69
35,2.7836326926450963,3,1,96.5
23,3.463041260040664,2,1,60.76
17,2.9324518684970657,3,1,55.82
26,0.7925054717742546,1,0,56.38
8,9.729563902710593,1,0,36.03
29,2.597082140301427,1,1,70.36
26,7.47328274459841,3,1,74.98
10,7.744665749594665,1,0,35.09
26,9.327945281068677,1,1,77.84
34,0.7902198423871097,1,1,84.65
41,8.784459215246573,2,1,105.37
7,5.508648717978102,3,0,34.73
4,6.509169044675365,3,1,41.87
45,6.62246763264982,3,0,107.8
11,8.288079147354912,2,0,36.56
29,3.66736956051155,3,0,71.28
36,7.463986303669937,2,1,97.24
25,5.521492042360872,2,1,73.97
21,8.037243135900804,3,0,61.28
36,9.910187311316268,1,0,94.53
10,2.406184665335732,1,0,23.27
37,9.94916209481998,3,1,100.71
9,1.353215465686353,3,1,40.35
24,0.5220167050957317,2,0,47.96
35,0.919538393689397,3,0,79.77
49,3.746932844999236,2,1,126.97
35,6.5126101414451245,3,0,88.73
48,1.1557806384345715,1,1,105.37
36,0.553825238030889,1,1,83.66
18,9.40236477035855,3,0,58.95
49,8.308303041429332,2,0,116.94
39,8.187240125820795,1,1,103.27
32,8.902030617268782,2,1,88.24
24,7.150325591334992,3,1,80.79
23,1.4918392326067738,3,1,65.97
32,4.291451786700369,1,1,83.62
37,7.369920121413981,3,0,92.17
12,3.1631773775194487,1,1,43.6
49,7.030360459294257,2,1,121.77
13,0.7327352585426974,1,1,38.93
23,3.4083047383561356,1,0,51.31
25,5.71673819463314,2,0,61.58
35,6.504853380309301,1,1,92.82
41,5.981886312388153,1,1,100.64
30,7.12868462269758,3,0,77.13
17,0.5578431082784712,2,0,38.91
49,1.4589413997864542,1,0,105.29
20,8.754970396651878,2,0,57.25
48,6.976612118856532,2,1,120.11
25,1.5728506055171074,1,0,55.4
22,8.499707155286503,3,1,68.0
13,2.801196569333386,2,1,39.79
19,5.043468899854623,1,0,49.57
49,1.8793668724042727,2,0,104.61
36,7.246045536006213,3,0,95.04
12,6.835116999635544,3,0,46.15
41,2.505568476078294,3,1,104.92
19,8.702307285141517,1,1,67.51
12,4.312407230087265,1,1,41.22
9,3.2788933651720473,3,0,33.86
7,1.9471310999130869,1,1,26.17
28,3.028596118897606,3,0,76.9
14,0.7092557516262614,1,1,46.01
31,6.0409461783330975,3,0,80.1
19,8.501192090267505,2,1,65.91
47,5.715314269695598,3,1,123.65
16,2.583102638276819,3,0,44.43
5,0.8198571930317908,1,1,20.26
35,2.538966695958627,1,1,87.43
12,4.453153566675377,1,0,33.92
25,7.7163085726480665,1,0,65.12
21,2.284507099108854,1,0,45.92
36,7.338018806869518,1,0,80.85
23,8.735867949342895,2,0,65.81
16,4.812495057029392,3,1,58.93
39,8.303603920604637,3,0,98.78
45,5.769244806333408,3,1,119.96
42,6.552362952268597,2,1,105.72
39,5.499645373212926,3,0,92.09
14,4.9001408091377465,2,1,49.15
31,2.729207696870569,2,1,79.85
5,3.3803435648799374,2,0,23.38
35,3.2547161299642857,3,1,89.56
23,5.85124484406124,2,0,64.88
29,1.6395600837269542,3,0,75.36
43,9.209521061672184,3,0,108.7
11,7.346223880189576,1,1,47.77
18,4.31373349367534,1,1,50.3
47,2.006929373000591,2,1,114.24
12,8.878925612355541,2,1,54.46
9,8.32589185596107,3,0,42.08
10,7.356354750813203,2,1,44.99
44,3.0796969504068024,2,0,89.76
17,4.323243055619855,3,1,55.56
38,1.4761083982980219,2,1,90.34
7,2.2958754849115515,2,1,28.51
46,7.938658054508962,3,1,121.27
13,7.292867829081496,3,1,52.68
40,6.13811474827138,1,0,89.73
42,9.009403896298641,3,1,111.34
9,6.041031919223931,1,1,35.92
27,4.936195999654302,2,1,78.77
2,3.7335220899047457,3,1,24.62
5,9.43426080449364,3,0,31.61
29,1.2857968844813583,3,1,75.56
37,9.343430034577679,2,0,95.03
38,8.353789269344674,1,1,100.9
19,1.7343342830891624,2,0,37.47
8,5.867351397914909,2,0,33.87
48,8.732205826616326,3,0,122.41
45,5.932187054267961,1,0,98.75
1,9.118398304825911,2,0,18.76
22,9.458346259752403,3,1,73.84
17,4.512652960750906,2,0,44.5
7,4.084479783360074,2,1,34.8
25,9.39505096270699,3,0,67.25
45,6.9138305809218465,3,0,106.02
4,1.6022154728076083,1,1,26.02
36,0.9017716176154713,2,0,76.57
6,5.863975984474,3,0,33.53
31,9.336624171665033,3,0,86.07
19,8.520362672855274,1,0,48.35
44,6.920553591411196,1,1,111.29
39,1.8216005644653315,3,0,89.38
27,2.915198145612608,1,0,60.01
10,8.817356652249853,3,1,50.96
26,2.2366687482405543,2,1,70.78
19,3.1451743783791284,1,0,47.84
39,1.7312061863566985,2,0,90.13
3,6.9230281984369055,2,1,31.61
45,9.467831900950491,2,0,106.07
13,3.0551963001561666,3,1,46.16
28,5.0163627745757005,2,0,78.35
20,6.526227527256441,2,1,65.96
28,9.994929358048491,2,1,92.1
8,1.4956766174769351,3,1,39.43
41,5.236422595304237,2,0,96.58
39,4.158641139073751,2,0,91.14
1,8.725291569612374,1,0,17.98
3,5.021693444610731,3,0,17.32
13,1.554286483558907,2,1,42.39
28,6.527029380222545,1,1,80.42
49,7.822415873506858,3,1,124.93
25,0.5273718908233387,3,0,61.03
33,8.66008851149598,3,0,90.54
38,2.2672185000538234,3,0,85.67
6,5.7446589642070895,3,1,36.26
44,4.450076256530776,3,0,100.62
45,7.336711257800038,2,0,104.54
32,4.0260353404645475,2,1,80.18
45,8.762750178476253,2,1,114.44
47,7.4397154291085075,2,0,115.42
21,6.653275125097754,1,1,60.23
16,8.064285657847115,2,0,50.48
21,7.6632188318196315,3,1,68.99
11,0.8414174117547567,2,1,40.8
37,4.249976361525867,2,1,98.31
36,9.342669324506653,3,0,97.61
35,1.694380555426149,2,0,79.46
19,7.502417229104487,2,0,54.56
20,9.758622207685631,2,1,65.06
18,0.9958869759272305,1,1,54.32
47,6.980841865952799,2,1,116.19
41,4.947464342359789,3,1,108.41
49,6.00216492605986,3,0,119.18
14,1.310742696601086,2,0,34.3
15,0.908566042735925,2,0,40.48
31,6.835233275233756,2,1,88.55
1,8.321439583296819,3,1,36.67
3,7.929145681863189,3,0,25.49
16,5.666154414729255,1,1,47.64
23,1.4487348007936927,1,0,49.66
11,7.036422216442132,1,1,44.18
12,2.7979443937643866,3,1,45.37
10,9.155152676290145,1,0,35.55
32,8.463520915684196,2,0,76.97
16,7.239138187330213,2,1,58.27
8,9.51403658039574,3,0,45.19
38,0.7985073043570928,1,0,81.59
12,7.493904038077239,2,1,51.07
24,3.6373064036958507,3,1,72.17
28,9.10762591402047,1,1,81.85
8,3.033414368288787,2,0,29.35
28,7.386136743492662,1,1,79.27
36,8.837646686682424,3,1,101.32
26,0.895739774635483,1,1,61.96
8,4.2776520061243435,3,1,38.67
28,7.741935804208417,1,1,79.56
28,4.821729450322077,2,0,68.28
37,3.0388999830391557,3,1,96.5
41,2.588150813820305,3,1,104.2
36,1.7494235357055903,3,0,86.12
27,8.642730818634682,1,1,81.81
17,5.965876330889782,1,1,54.18
9,1.225656977418832,2,0,21.92
33,4.1345130739210365,3,1,88.17
20,3.993469682648544,3,0,55.12
13,2.2265223117398985,1,1,34.83
28,4.637322441985812,1,0,70.12
48,3.6549439712347964,2,0,107.91
29,3.747135202175734,2,1,78.76
13,7.520752298985608,1,0,44.38
46,2.621002162299365,3,0,103.04
35,6.597669609125877,2,1,95.62
6,5.921171426868881,1,1,31.55
18,5.89687886720974,1,0,47.29
5,6.798569788346871,3,1,34.88
47,5.709629343858713,1,0,110.56
25,8.852923591040653,1,0,65.15
2,6.918010873527468,2,1,30.48
10,5.696150888028187,1,1,33.92
30,8.382749642732627,1,0,79.11
45,6.258392366868057,2,1,116.54
5,3.2658703539592007,3,1,32.19
33,2.4674017226774265,3,0,78.02
1,1.9471139637954487,2,0,12.12
18,9.044824519187966,2,0,62.43
32,7.246286602081625,3,0,78.58
47,9.405095162561047,3,0,119.45
49,6.2312721542919585,3,0,113.61
11,4.997308374201669,3,1,46.44
21,1.0673066452234485,3,0,51.86
26,6.880601674687283,2,1,75.04
25,6.030983217798196,1,1,70.02
22,9.906984489082404,3,0,64.46
27,2.772008388931309,3,1,78.25
49,5.542004875224941,1,0,103.93
13,6.68409468362169,1,1,48.65
33,6.623616160052264,1,0,77.96
34,5.832288658009826,1,0,76.24
41,7.880816098108642,1,0,97.43
35,2.447321490504756,1,0,72.0
1,7.39345840260695,2,1,27.21
21,6.387478428614347,1,1,58.31
48,9.012713562048447,1,1,121.9
6,8.548347170819026,2,1,36.05
28,3.4938968717592562,1,1,70.89
17,3.1242545872639544,3,0,48.57
5,9.825706576598254,3,0,31.42
31,5.509019218694937,1,0,73.09
5,9.11099915718715,2,0,25.13
38,2.0568697259145807,3,0,89.98
3,6.606779690601655,2,1,35.2
23,8.19367177992557,3,0,75.67
37,9.500254871071245,1,0,91.52
37,3.704731339661723,2,1,95.92
10,7.387321114278499,2,1,39.74
10,5.618723585876381,2,0,38.94
19,1.0759747976314478,3,0,50.94
17,7.054997504434962,3,1,60.13
21,7.055917303259513,3,0,65.3
14,9.340764646042102,1,0,44.25
9,5.224468238605238,3,0,33.46
46,2.6873837467498896,1,1,108.46
1,0.9233563227624519,2,0,6.19
45,4.4486007735161035,2,0,105.74
13,3.368208650736267,1,1,38.88
4,7.730338907226818,3,1,33.45
1,3.8655437659899428,1,1,16.07
49,9.516176364991017,2,0,120.55
40,9.64194692838395,2,1,106.61
32,6.398631607068227,1,0,72.55
34,9.322272726641387,3,1,97.17
28,7.728116272887709,3,0,76.5
31,5.695166589263699,1,1,78.0
8,2.212925386516392,1,0,18.86
39,4.85668046338148,3,0,100.62
26,5.828307401944867,2,1,72.16
34,8.707635016982596,1,1,91.09
3,5.072667077088816,3,0,21.51
12,9.027909390440588,3,1,53.28
1,6.906315300722954,2,0,20.22
44,1.801491099009878,2,1,107.55
5,9.952323008588383,2,1,38.01
30,5.508710277162169,2,0,70.55
30,4.222653815886249,2,1,84.16
17,6.761580762460502,1,1,54.86
48,1.5344864828198712,3,0,112.49
47,6.547117144156866,1,0,100.08
23,5.233242004743094,1,1,65.44
15,4.3634036649865395,1,0,45.3
37,9.553690201199542,1,1,98.27
21,5.464127308954506,1,1,60.52
14,2.581616054964415,2,0,38.76
2,4.860153054084337,2,0,15.61
11,9.23418034344039,3,0,43.92
39,2.1729069776406496,1,0,83.25
38,2.5325918675382506,3,0,86.92
34,0.6237808936922956,2,0,78.62
38,0.6348054692597882,2,1,92.34
34,8.37922045610587,2,1,95.32
18,7.45516476500808,1,0,52.61
30,3.8728900362936036,1,1,76.02
15,7.133955993661941,2,1,52.38
27,4.254456299944717,3,1,75.57
34,9.552519561979361,3,1,99.33
38,9.68700047354733,2,0,93.35
33,4.231540870188763,3,1,87.85
24,8.615108110238246,2,1,73.37
15,7.844345896125929,3,0,57.14
30,3.4449994031319986,2,0,62.85
42,2.704378374560507,3,0,96.52
17,4.8532291787319215,1,0,49.46
5,7.922813985836859,2,1,36.25
29,9.621593954923082,2,0,80.69
4,7.754001154232439,3,1,36.93
10,8.624466357674516,2,1,44.93
17,6.229110908619907,2,0,42.62
10,8.436374393000197,2,0,39.27
17,7.951998151032468,1,0,46.6
20,4.0813626482996614,1,0,46.72
24,5.743907870146851,3,0,64.12
5,8.1451546589021,1,0,30.45
34,0.9375389748045855,3,1,93.62
6,8.176753182380384,1,1,35.92
2,2.1899371784657227,3,1,22.89
13,5.38949436265367,1,1,41.55
43,8.178616675781408,1,0,102.67
43,2.911300242488601,3,0,104.72
48,2.8351706734084536,2,1,113.51
11,4.326261785391393,2,1,35.35
47,8.999106576987527,1,1,120.51
23,0.5042064236534749,3,0,58.71
16,9.063139418098382,2,0,46.84
31,1.9611667340952739,3,0,74.47
11,9.90582057264108,2,1,52.21
16,9.571046433865448,3,1,63.14
8,5.199414301117192,1,0,24.43
4,5.370842354219968,3,0,28.1
40,5.074718732620616,2,1,100.4
4,6.536714633765465,1,1,24.35
25,1.3618561712318449,3,0,54.89
3,0.8098705092448818,2,1,25.0
32,1.0481778199510392,1,0,70.42
3,4.721470817794387,3,0,22.35
27,3.117705422585092,2,1,71.36
29,6.409375842524441,3,1,83.03
32,9.9282017490604,3,1,92.67
19,4.170070144226426,1,0,45.96
21,5.951491913992877,1,1,55.57
5,4.448237011119687,2,1,28.46
18,8.549080843357665,1,0,50.89
28,9.071245832891261,2,0,77.44
42,8.83487831594997,3,1,114.13
22,9.756536267452947,3,0,70.02
21,0.7614322588339453,2,0,53.19
6,8.478253540382545,3,0,36.89
1,7.641835643871386,1,1,25.87
5,2.6725968893034655,3,1,31.04
41,9.585040887181512,1,0,96.44
12,1.907690318184482,2,0,35.08
26,6.95572430777213,2,0,73.47
46,2.6364570597511685,3,1,113.98
34,4.598116163353709,3,0,89.65
49,7.332019020973405,1,0,107.42
14,5.851584099313944,1,1,44.31
26,4.561267397617061,3,0,70.41
45,3.600215093853879,3,1,113.19
27,8.476766729233507,2,1,84.66
9,1.8662363279907304,2,1,34.75
26,4.585977327033101,2,0,62.28
47,9.08569693186385,3,0,115.99
22,8.535570729369693,3,1,69.21
47,4.3089467434939435,3,0,106.08
30,7.7495294542124284,2,1,88.54
43,8.320027891734163,3,0,110.1
48,8.944430528034482,1,1,121.51
17,5.672804805967666,3,1,54.35
26,2.442378417519762,3,0,63.59
36,2.9254362267873506,3,0,81.71
1,3.30909940339524,3,0,19.49
8,6.141123567691348,3,0,32.46
49,0.8116914292217802,1,1,106.96
35,6.542403453409698,1,1,90.9
15,3.961365265068204,3,0,43.02
47,3.3047971236516007,2,0,109.41
22,8.855217421917201,3,1,72.08
14,4.87002275801759,3,0,40.11
26,1.4030039325605814,3,0,56.65
28,8.354094296249347,2,0,74.44
23,0.9525919456468127,2,0,51.74
14,7.404117629597868,2,1,48.82
24,7.8521091068213185,1,1,74.35
2,3.849724756324153,2,0,17.78
45,8.335484634638973,1,1,113.42
26,5.398764355636308,1,0,67.19
14,4.901289706091569,2,0,43.34
7,0.9313311739525791,2,0,18.93
3,3.255277339664606,2,1,21.77
47,9.344594723410347,1,1,121.47
23,4.22232765119325,3,1,70.52
46,5.693654945289299,2,1,115.05
43,5.554205950350392,2,1,105.79
47,6.1090953533155865,2,0,110.99
45,1.0826440786111848,1,0,92.36
18,3.9406744205879187,1,1,52.61
38,7.369718601884265,3,1,108.4
35,2.4053223851933376,2,1,85.63
15,2.433994586690424,1,0,31.93
25,0.5958607635457349,3,1,64.74
37,4.656078302777992,2,0,89.97
28,8.885976616397508,1,0,73.09
10,0.9930589640794356,2,1,35.1
39,2.315627740212025,2,0,85.95
17,3.445803114256173,1,0,43.62
39,7.451384997360022,1,1,97.63
22,6.586038131624572,1,0,57.8
26,4.451467093527623,2,1,70.48
44,7.711154922954569,2,0,102.87
25,6.2914946107405685,3,1,74.52
17,9.012387596743581,2,1,60.39
13,8.271254116817584,1,0,41.26
20,2.901729257847405,2,1,59.06
25,3.078666487524902,3,0,52.55
4,1.6908865200276635,3,0,17.11
10,3.701164894315837,1,1,35.38
3,9.995667227831396,1,0,28.51
41,4.354636101843079,3,1,102.29
45,2.594640129546511,3,0,103.38
18,7.743587402517754,3,0,61.1
47,5.653474532895233,1,1,109.54
36,1.921213770506049,3,0,85.06
47,4.116551971028224,3,0,106.77
22,4.437462297623761,1,0,52.14
34,7.661382155407577,2,0,83.08
47,0.6963780044730924,2,0,98.85
8,3.0556866445839495,3,0,37.75
40,5.41716486249746,2,0,96.66
49,3.054044053302012,2,0,111.89
44,6.470123450480489,2,1,113.18
19,5.077741053108857,2,0,46.8
42,3.936247421166016,3,0,100.09
41,9.517481955269867,2,1,113.5
37,6.505515242271345,2,1,95.2
6,1.7344430365454415,1,1,28.5
26,5.820871125712257,3,0,71.84
34,7.916952605408559,1,1,96.43
45,7.230652126181575,1,1,110.59
6,2.134847678304964,3,0,20.91
37,9.737989990880981,2,0,93.52
33,4.763729634592757,1,1,88.45
22,2.010737535532482,3,1,58.53
21,2.211859664217405,2,0,45.11
6,1.4332324257962648,3,0,23.42
6,8.133422030131875,1,0,25.87
48,1.659289696057562,2,0,104.51
4,1.688689942846596,2,0,19.37
30,8.579480340227958,3,1,88.21
11,3.7737388022518163,2,0,28.04
30,0.7931500909266882,1,0,70.32
31,0.9930053454249033,1,0,63.5
24,1.850619243687008,1,0,50.6
9,2.527236805769051,3,0,34.1
3,6.818888845264851,2,1,29.07
31,1.9945996600173683,2,0,70.8
40,1.629306716182184,2,1,97.89
37,7.764831844024652,1,0,91.9
36,6.875025196669187,2,1,95.31
24,4.6355801038247435,1,1,70.51
31,5.718442829060987,2,0,70.17
6,3.4638481931009757,1,0,22.48
2,5.083753992235926,2,0,15.11
20,5.313390165336084,3,0,61.09
28,4.178754076191911,3,0,71.69
11,9.112436001385547,1,1,44.65
4,0.6525877173195584,1,0,13.97
15,7.930626999366838,2,0,50.58
6,1.681636896792581,2,1,30.45
49,8.076699925103394,3,0,116.03
30,6.351163198928852,2,1,82.07
38,8.511141863895823,1,0,91.75
2,1.4263860935885257,1,1,17.02
15,5.810316023947854,1,0,43.96
11,5.260334862490872,1,1,34.85
8,7.208835238151907,1,1,38.82
26,5.5757602429899205,3,0,68.49
45,5.63697838776449,3,0,104.94
44,4.581161463972615,1,0,95.64
5,3.4339270280697383,2,1,28.51
6,5.081511431895826,1,1,19.82
26,1.6256774082998056,3,1,69.33
4,9.634376720339306,1,0,22.82
19,7.286902254452683,3,0,59.53
20,9.548437608534545,3,1,68.91
33,2.653910132134651,1,0,72.34
20,8.853739691677017,1,1,68.91
49,8.183504853353615,2,0,119.26
12,6.9329479183478995,3,0,46.11
47,6.437777267809454,2,1,116.16
1,3.507221820044765,1,0,11.89
26,8.255902457167792,3,0,72.68
14,5.264396884057471,2,0,41.31
38,1.173469970967211,2,0,84.99
37,3.472200028123735,2,0,83.42
11,9.385322436180612,1,1,51.56
36,8.58146247574604,1,0,87.39
13,9.828104131727121,1,1,53.6
43,6.465937134738932,3,0,109.07
3,2.8513456948339138,1,0,16.37
33,2.0467429719302057,3,1,81.84
6,2.2756871857803853,2,1,30.75
10,0.6880587542989167,2,0,29.58
5,4.211480054366422,1,0,21.99
23,2.318562964745654,2,1,60.14
10,4.410726874338673,1,1,35.64
44,9.382447102468271,3,1,122.06
2,4.590131990318305,2,1,22.6
13,8.840852721355931,1,0,41.36
40,6.2522952828508265,2,0,100.11
2,2.847749769283223,2,0,14.13
20,3.8806202129625085,1,0,46.64
1,1.2972355903035795,2,0,7.31
37,3.6678946391620997,2,1,94.5
9,6.936638982283574,2,1,38.41
17,1.1850553828296342,2,1,49.04
9,2.451313380541279,3,0,31.68
11,4.123689893426459,2,1,46.08
15,9.829470601651645,2,0,52.75
24,7.956187318109362,1,0,60.79
38,7.468124091674987,3,0,99.74
35,1.6038140869917368,1,1,82.51
30,7.919460989342419,1,0,71.17
31,7.9600537094021435,1,0,76.42
49,6.210475608431119,3,1,128.63
5,9.908436928984532,1,0,28.36
44,3.5899121062832435,1,1,104.42
14,9.442088258297591,1,0,50.07
11,9.189945592086785,2,1,45.49
9,0.6090662676190894,1,0,18.06
34,4.776107001510705,3,0,79.32
12,9.782490213989947,3,1,56.79
35,1.47965294287672,2,0,78.72
35,5.703954596641535,3,1,100.18
1,9.800096316890489,3,0,26.43
40,5.777206529005672,2,1,101.45
22,2.3032453782354816,1,0,50.46
29,6.030740685879603,2,0,73.4
8,2.442185452520695,1,0,17.65
11,5.437190497497601,1,1,49.29
41,1.203401070167306,3,1,102.36
37,6.252085357536844,2,1,98.01
14,5.409504421717503,3,1,54.96
30,7.5315330032339,3,1,90.43
35,6.491654476008458,1,0,82.32
21,5.721259551042189,3,0,57.69
37,7.052899067857151,2,0,92.38
5,1.867448178936193,3,0,22.96
19,6.155916781956739,3,0,53.8
14,2.135050726816388,1,1,46.46
26,9.292460974592869,2,0,72.82
4,1.1491739960332399,3,1,28.91
25,4.588560122062536,1,0,64.06
45,7.110076037726726,3,1,117.73
42,4.851211010848458,2,1,106.23
25,1.3749049057125724,3,1,71.49
18,5.75710065320372,3,0,51.46
40,6.595503133859868,1,0,93.06
8,7.186026954409822,3,0,36.16
39,4.04596823739621,1,0,84.2
40,5.854769724773241,2,1,109.74
14,4.781521511919674,3,1,47.95
32,6.884532368146408,2,1,84.43
38,6.043791189585776,2,1,103.01
33,5.494684085811781,3,0,85.38
23,2.870481484963362,1,1,58.23
15,0.5191759186082222,2,0,38.6
33,2.153775915458578,2,1,87.63
25,1.6121273935296023,3,1,69.33
17,4.766305077603994,3,1,65.95
33,6.316452432237524,3,0,79.3
47,2.5243075825056778,3,0,108.87
2,9.421042411688278,3,1,38.63
14,0.563480227626934,3,1,48.52
40,7.836859644070757,1,1,102.14
40,6.4394453105392016,2,0,94.79
39,4.048770609952978,1,0,88.41
6,0.9796449719178753,1,0,18.92
6,6.4611224319506535,3,1,40.5
3,4.163328372223656,2,0,21.37
7,9.394537824425582,1,1,36.04
8,5.648905711452776,3,0,32.79
42,9.426689357288328,3,1,112.32
15,2.594595087996389,2,1,46.73
47,7.3943961484589815,1,0,111.14
29,6.363865698062894,1,1,78.87
33,7.524378183397462,1,1,96.11
30,2.5393447077390996,3,1,81.39
39,6.8174479042588505,2,0,94.41
27,5.231383734040255,2,1,76.17
36,7.556837261610005,1,0,84.42
29,3.6069241194422688,3,0,72.24
38,8.9555417419199,1,1,103.82
33,1.3008624888078286,2,0,74.29
37,8.168298528516287,3,1,100.87
27,8.682536445243363,1,0,67.25
33,8.263896957984802,1,1,88.05
4,5.370900745486872,3,0,25.28
22,4.664657310292233,2,1,68.58
2,9.96449172198633,3,1,31.93
10,2.67713353653454,1,1,34.06
5,5.695321675822424,1,1,29.98
10,6.871417491132092,1,0,27.81
33,7.158242540683604,1,0,77.24
38,2.4382343245164977,2,1,91.62
13,6.712943877228112,2,0,39.68
31,8.274510881572704,1,1,85.99
47,0.975176479800566,2,1,108.98
36,9.159452286590508,2,0,90.07
45,0.7802885238794564,2,0,98.45
24,3.8817248086397464,1,1,69.99
15,0.6502253642131397,3,0,44.89
29,1.2328791011260276,3,1,71.08
8,9.15609870921075,3,0,40.47
5,3.8711778920884043,1,0,18.27
29,4.535329539038003,2,0,71.27
47,2.54577162313425,2,0,102.62
4,6.172409816773838,1,0,20.61
12,6.1506305394390015,1,1,44.68
45,4.035903722339583,3,0,103.32
2,3.6638312821512846,3,0,15.81
27,8.907160927715584,1,1,77.01
31,4.141200276600913,3,1,85.91
36,5.188259425466878,2,1,95.58
36,3.191395243036841,1,0,82.35
26,7.97431028189271,1,0,65.48
43,4.275757490541371,2,1,107.27
27,5.379304942171083,2,1,78.96
5,2.9068931155667834,2,1,31.86
20,9.882766127241892,3,1,71.65
11,3.2692095387753675,1,0,29.24
10,7.822054043602741,3,0,41.31
40,4.561208678389212,2,0,89.39
38,2.4590653482993288,3,0,88.11
6,8.097328257666181,2,0,32.38
8,3.66926449577591,3,1,40.43
23,8.719336800279205,3,0,67.27
47,9.194943256719318,2,1,122.45
26,8.668326436217122,3,1,79.53
46,0.8325751906646537,1,1,106.36
43,7.980046777548503,3,0,106.74
12,4.407724931741867,3,1,46.78
26,8.800367741731138,1,0,67.12
13,6.560565495505018,2,1,49.65
40,8.419609774367604,1,0,94.29
18,5.244601813734936,3,1,62.84
25,5.582742293689862,2,0,63.19
33,1.8716825052698387,3,1,90.59
47,7.947879907548876,3,1,127.32
40,4.48420131083623,1,1,95.05
43,5.250761123580035,1,1,105.09
12,7.958428283909222,2,0,39.99
44,6.18903130075467,2,0,102.3
36,2.4104379107053404,2,0,87.62
48,6.107210261933481,3,1,121.24
4,4.372512150806729,1,1,26.64
5,4.960492649416695,1,1,30.06
37,0.768957106825344,1,1,83.15
8,2.495278820404675,2,1,31.18
42,3.1698617731197682,1,1,96.14
49,7.273120074658655,1,0,109.25
28,0.6091784963320954,1,0,51.36
31,4.383383981676754,2,0,76.21
9,9.278255269044461,1,0,41.08
29,1.5628658572166765,2,0,66.79
14,5.406031688076805,1,0,34.86
40,7.971962632713047,1,0,93.03
41,9.454047421441109,1,0,97.8
22,7.5943780755703205,2,1,66.34
11,7.345372712121859,2,1,49.6
23,8.351636856859743,1,1,71.96
1,4.738911599286665,3,1,22.64
46,8.155523059869413,2,1,120.41
37,0.5756618450817856,2,1,93.44
21,9.283330026079646,1,1,72.63
26,4.711411840413166,3,0,76.66
46,5.757111784724602,1,0,100.93
36,2.921381364691382,2,1,98.85
23,7.554042911984004,2,0,62.27
1,1.2280401615148637,1,0,5.06
40,8.790040124194935,1,0,97.17
15,8.367109875560256,3,0,49.8
21,2.552571104325281,3,0,56.03
47,8.188581783709992,2,1,116.32
9,7.970398464084074,3,0,38.24
9,6.506057678662516,3,1,48.62
10,4.048441680547032,2,1,39.9
26,3.0792381647277445,2,1,71.04
41,2.701944107748825,2,0,93.48
35,3.526785146254268,2,1,92.8
25,9.083805212609038,1,1,69.66
26,1.237587371893422,2,1,69.61
11,8.374277124403108,2,1,47.76
38,3.814455712897324,2,0,88.22
2,5.455194262107903,3,1,32.36
7,8.047613519660661,2,1,36.49
18,8.901577196718227,1,1,57.31
27,3.7754234906901467,1,1,64.86
34,4.887513072113548,2,0,79.68
27,4.437902615759526,1,1,75.65
17,0.6258848182871501,3,1,51.58
43,3.311457444157238,2,1,100.95
44,4.862297720459337,1,1,104.84
24,4.405389284364178,1,1,61.14
25,7.358327661398954,2,1,71.66
7,4.15563436360048,1,0,24.4
6,5.1490762652213675,2,1,30.2
24,4.581281625257452,1,0,61.21
33,7.53594841449652,3,0,86.09
49,8.698237790376144,1,1,122.3
29,5.5529462505713845,1,0,68.49
43,7.999605844854316,2,1,114.32
22,3.3194734791885807,1,0,54.33
26,5.643011296494053,2,1,75.47
28,3.779684559864738,3,0,72.36
21,4.434908792932388,2,0,54.02
49,7.457931715720352,2,1,124.81
7,8.875793582160771,1,0,29.3
17,1.6542062153337715,3,0,45.49
20,6.529072936630115,2,0,54.97
41,6.030366171989086,1,0,92.67
49,1.6249428721713528,1,0,101.37
20,2.5129961391810363,2,1,59.17
22,3.4545236999604625,1,0,56.11
28,2.085845172766264,2,0,68.64
40,2.815430083981247,2,1,94.45
49,3.0422075891862215,2,1,120.43
7,3.6889014138710663,3,1,35.58
1,7.6192093016110105,2,0,21.23
32,5.933165936580707,1,0,73.18
13,9.869343383538315,3,0,50.23
30,4.439990356190975,1,0,70.6
23,7.661718201450788,3,1,70.04
19,8.778950003077071,3,1,69.99
32,6.950295683861398,3,0,87.46
30,4.412715033966212,3,0,75.1
29,7.659148992084653,1,0,76.57
49,2.434837808840506,2,0,107.08
45,3.611745569211258,1,1,108.97
29,5.693509923443243,2,1,73.88
30,5.966389179218409,1,0,79.21
16,0.7103440169899798,3,1,54.55
40,9.478584793182083,3,0,102.36
19,7.117959076565205,2,0,48.76
18,5.209185627202965,2,1,58.68
1,9.364708726878929,1,0,14.72
14,4.671407869882871,2,1,50.34
47,9.814137917568532,1,0,112.96
2,5.366705193813108,2,1,23.23
28,1.585714814980805,2,0,67.74
49,7.765609238363134,2,1,126.07
30,6.949528388239485,3,0,82.35
38,7.843373852403074,3,0,96.79
4,9.53869927289397,1,1,29.06
1,7.876648375184672,2,0,22.75
8,6.307697721058146,1,1,35.65
29,8.644434572427988,2,1,80.8
39,6.89584117386805,3,0,101.4
3,4.377131039846269,3,0,27.86
32,8.913387760296846,2,0,83.25
10,2.608054377451542,2,0,36.39
10,7.28909211163288,3,1,48.21
19,8.874852821937191,3,0,59.17
46,7.4475069371813145,1,0,104.28
34,7.124116481011641,3,0,92.6
33,7.650063793682442,2,1,89.13
23,4.918024858856121,1,0,58.58
28,8.804621480491747,2,1,81.53
32,2.432646513792866,1,0,69.27
7,1.710170952003223,2,1,33.66
29,3.2123334111258597,3,0,70.68
8,5.549985269362435,2,0,29.11
1,5.350337056388712,1,1,24.42
3,8.295688197927573,2,0,29.24
24,4.343402235838165,1,0,59.45
23,5.1012720497693325,2,0,57.69
8,0.6269929909642585,3,1,32.41
47,4.392522746207922,3,0,109.83
37,6.65385521302825,2,1,98.94
3,0.6473291409526257,2,1,18.01
33,3.1683786692693157,2,1,86.92
28,2.4755854132492043,1,0,62.97
47,0.8988615746410882,2,1,104.2
8,5.052970854188106,2,1,34.79
34,2.226371285667487,1,0,72.83
35,7.559274626498111,3,1,98.12
32,8.555314895751811,2,1,96.5
24,5.683059235356904,2,0,63.24
14,9.826219753950845,3,0,49.22
32,4.779546428970655,3,1,88.83
46,5.376997997136698,1,0,102.01
43,9.897568662598626,2,0,107.82
16,2.6997101416679636,2,0,43.79
4,9.4541864269306,1,1,36.81
37,0.9069567736315758,3,1,92.29
21,4.74067545750035,1,0,57.03
14,1.165033365264125,3,1,49.47
31,7.427730057679608,1,0,74.02
48,6.279884890860169,3,0,121.05
18,7.213025502942166,1,0,50.8
7,4.057563799696162,3,0,26.58
10,4.0100783732981125,3,0,39.97
7,0.9305331501284988,3,1,38.63
33,3.824476925531578,3,1,88.64
23,9.328239821489564,3,1,75.48
21,4.102652103214265,2,1,61.64
19,8.397993209108716,3,0,61.74
48,8.502092295124374,2,0,118.59
19,4.045790985602721,3,1,62.78
36,6.503892463763796,2,1,96.06
29,1.406030221594057,2,0,70.6
18,1.4849465169756266,1,0,40.29
2,0.9622478047862765,3,0,17.54
1,6.01964338706354,1,1,21.17
47,4.547674287447922,1,0,105.11
5,5.706307388310281,3,0,27.22
20,5.4501953098296845,1,1,59.01
11,3.8269284153619374,3,1,43.61
42,6.935997440822993,1,1,109.44
2,7.705767868705712,3,0,22.36
3,0.6389684593379192,3,0,13.74
23,2.468801847804344,3,1,73.07
12,7.2757407467916995,2,0,43.85
20,4.172891640021424,1,0,42.1
5,6.793597495945278,2,0,24.49
37,3.796145267478305,1,1,85.26
38,4.212173947131552,1,1,90.47
30,2.0074493000520066,1,0,56.6
9,2.95319468682852,2,0,28.02
34,6.251411696322079,1,0,76.95
44,4.61504955749408,2,0,101.1
35,7.855875487973654,3,1,93.91
22,8.599557071914257,1,1,68.15
44,5.645640973059218,1,0,98.22
24,7.703539274532562,3,0,73.06
17,3.4155928753484153,3,1,60.36
10,4.442226546300743,1,0,32.02
30,7.271387924059894,3,1,86.93
46,4.169013931761791,2,0,110.21
23,6.090796884010394,2,1,64.48
32,2.261041401283859,1,0,66.18
17,6.197827492219731,2,0,49.05
17,8.68438021865549,2,1,67.79
14,8.752076578322544,1,1,51.52
9,7.381271860130627,3,0,37.52
40,7.584657101223198,1,0,90.05
2,5.800310728931657,2,1,29.54
45,6.054346856575336,1,1,112.94
25,1.7696805233999209,1,0,58.02
39,4.71666229000236,2,0,89.19
9,4.782374696920456,2,1,37.05
22,9.605729438843532,1,1,65.53
43,4.59532519492125,2,1,107.14
46,5.718755126576197,2,1,111.34
4,5.565888293151474,2,1,26.82
26,6.549236311921108,2,0,66.55
29,7.608211897653011,2,0,73.94
45,2.6378978236232853,2,1,106.34
34,5.522881981435139,3,0,86.68
23,8.346218219502289,1,0,61.76
37,4.899589781456359,2,1,94.48
11,3.1453466905489433,1,0,30.27
6,6.719736215884841,3,0,28.11
18,8.325790260091669,2,0,54.8
21,1.0998327828102175,1,1,55.1
42,7.879509592368658,2,1,105.31
36,8.305655363136825,2,0,93.45
41,4.884467812091764,2,0,92.68
38,9.84140373977544,2,0,97.03
34,7.973729236719437,2,0,89.45
17,7.849794366508824,2,0,54.55
37,7.6044664569146825,2,0,91.51
25,1.930776980573603,3,1,68.81
38,2.5636934213036024,3,0,91.69
12,4.907906248912038,2,0,39.39
23,3.0080413246149256,2,1,62.66
42,4.444789237173384,3,0,97.28
22,8.940409044267746,3,0,60.19
21,8.331105472853057,3,0,63.96
27,6.485378845559831,2,0,69.48
31,8.652143745385484,1,1,89.39
6,7.945837695663868,1,0,28.0
27,4.57535685248846,1,1,75.87
40,2.410118944474479,1,0,84.52
34,5.384909880088722,2,0,85.49
12,7.4941743840212265,1,1,44.65
45,4.6459861879311335,3,0,108.3
7,6.834333142947024,3,1,36.88
10,1.3961105497649144,1,1,33.8
45,7.6060449955283325,3,1,112.46
17,8.220779388984088,2,0,51.53
26,7.214959629915141,1,0,67.14
21,9.689004081500473,1,0,57.97
28,8.353194545876084,2,0,71.38
46,9.079390414827113,3,1,125.16
2,9.368925292847656,2,0,23.74
43,8.112805922801181,2,0,102.7
1,6.905458999061741,3,1,29.48
36,0.5543265229274983,2,1,94.74
26,4.925344655619685,3,0,71.85
29,5.92604183691243,3,1,87.38
21,3.3882875882559964,2,1,62.39
11,3.5219922455829846,3,1,44.78
40,9.63101444924657,2,1,101.26
11,8.971253219426085,3,1,50.42
36,8.56720055226619,1,0,86.41
49,4.357112116208051,3,0,107.91
39,0.6301362288846881,3,0,84.47
40,1.2621113413292837,2,0,81.95
35,3.4658654980672345,3,0,84.08
34,0.6495576734589313,1,0,74.43
47,0.662922928194382,1,0,101.31
24,9.207731365602905,3,1,80.06
22,7.208505770131014,3,0,60.92
5,3.43508190564745,1,0,12.36
33,1.760123487209055,2,0,69.37
36,5.360539320003233,1,1,87.23
47,0.5507885281164624,1,0,95.16
20,9.414930566652368,3,0,62.64
19,4.440743634194998,3,1,58.62
35,4.322182074754661,1,0,80.5
43,4.210639272026931,2,0,97.62
17,1.1586191386837652,1,1,46.77
45,6.564061278022352,1,0,106.27
43,7.463534386469357,2,1,107.65
34,6.923191277088757,1,0,82.64
9,1.8151371866292458,1,0,23.68
26,5.99898159633813,3,0,69.0
2,5.910102599636412,2,1,29.52
9,8.74990248544313,3,1,50.76
9,4.101712754568647,3,1,38.31
40,4.029116464764625,2,0,91.5
17,6.376007057822763,2,0,50.41
1,6.514190208245374,1,1,21.95
25,4.958209659595008,3,1,76.19
43,4.709063942139,2,0,99.91
40,5.194402871059886,3,0,102.29
42,8.679930345281463,3,0,101.43
25,4.881085561912145,2,0,62.95
39,9.429352023713314,1,1,100.42
35,5.288035754165097,3,0,88.74
3,9.517406585218469,2,0,21.42
37,8.41190306775622,1,0,90.66
44,3.9430975648503765,3,0,101.02
44,8.704593502317852,2,0,104.85
30,1.5456011999105945,3,0,66.98
38,9.287948165758637,2,0,94.54
34,6.500613393287471,2,1,95.0
12,1.0167121109619561,3,1,42.45
19,6.620438874682709,3,1,66.81
37,9.755352714375183,2,0,99.63
44,1.1631062188389747,1,1,101.54
49,5.7695332429108195,3,0,113.98
17,7.604046322714038,2,0,52.81
10,8.197456573645548,2,0,36.66
49,4.431360920547561,1,0,106.13
47,2.4395823120983087,1,1,104.1
12,0.9022516483376464,1,0,31.13
16,6.007398492423635,3,0,48.85
24,4.802655167542302,2,1,69.75
19,9.513071753922254,2,1,63.16
8,1.0757466232916428,2,1,32.92
31,7.011255762737054,1,0,73.23
21,0.7371791101405432,2,1,56.68
17,2.128624678750156,3,0,48.83
23,4.809000499266924,1,0,58.59
37,4.821288206627248,1,1,92.17
16,7.0141551578696175,1,1,48.22
6,9.147023831243688,1,1,45.7
8,6.5708055096917475,3,0,40.09
25,9.558583429589333,2,0,72.51
18,8.875348578840978,3,0,56.05
25,6.052748057542507,2,0,64.74
12,8.42102353372886,3,0,44.0
15,6.604487298074523,1,0,46.7
26,1.2462993937754079,1,1,65.66
41,7.535364870965345,3,0,99.95
45,1.401630192039789,3,1,107.69
26,6.143786415412268,2,1,78.58
47,7.175081955653174,3,1,126.56
32,1.1320122780031248,3,1,87.28
10,2.6925492123020516,2,1,40.31
16,9.198886206485673,2,0,51.04
7,6.354987676212516,2,0,19.81
17,2.83971717870005,3,0,48.15
23,7.0614578259060625,2,0,62.59
26,6.169375989636052,1,1,72.67
21,5.2649691492205095,1,1,61.06
22,9.773776262386795,1,1,65.68
7,6.992810885371335,3,0,35.16
14,4.066690541845171,1,0,39.0
15,8.100697604730247,3,0,53.2
7,8.903541282751284,3,0,39.2
9,1.6895953154098984,1,1,33.35
48,2.4052532895300316,2,1,112.38
8,2.554156586713907,3,0,28.62
23,7.066512189172133,1,0,59.87
29,6.228875773006192,3,1,84.67
18,6.380419864636588,2,1,62.57
31,9.437346347050259,2,1,92.09
30,7.871159561669407,1,1,89.04
39,1.7154007828619402,3,0,96.19
35,3.8013172830392197,3,1,92.94
18,4.636239638669489,3,1,48.44
42,4.261635093102246,3,1,111.1
39,6.858431787037852,1,1,97.67
17,8.972984480937344,2,0,51.06
14,3.407488903466486,1,0,34.92
31,5.742832796001263,3,0,78.27
24,7.999389508179064,3,0,70.84
35,4.454071559030819,2,0,78.0
44,2.0971222197933104,3,0,96.91
45,5.012034170005609,1,1,109.55
34,1.0246139470587705,1,1,82.41
3,9.45264281302163,2,1,36.1
37,1.2108014493522439,1,1,84.46
43,4.665338794880492,1,0,93.06
40,5.533871980340999,1,1,97.78
26,9.860386406729212,1,0,70.51
23,2.077207324607177,3,1,70.57
44,1.5870994268174063,1,1,95.24
39,0.582708397094164,2,1,92.21
15,1.977928650258372,2,0,34.97
49,2.469093301142842,1,1,107.75
4,6.490518945039377,2,0,26.64
29,2.587214508718304,1,0,66.51
22,0.6949477399285895,2,1,60.39
25,8.352874282273643,2,0,71.29
13,3.9731591595376843,1,0,33.52
18,3.8601185225169723,1,1,51.49
33,3.3735507770953026,3,1,94.62
16,9.766046132890999,1,1,56.91
45,2.116096464438174,1,1,106.38
42,9.033261607555733,3,1,114.57
44,7.879631655328936,1,1,105.27
2,1.2265595772434743,1,0,2.71
35,9.873926464258062,3,1,100.07
42,3.0779766536206004,1,1,102.79
34,1.4365378067129173,1,0,75.52
30,8.378485224194716,3,1,92.31
13,7.213417569938149,3,0,42.86
13,6.363578655840057,2,1,54.39
18,1.981818205139865,1,1,47.08
32,5.045713104431638,2,0,78.21
32,7.915282255428531,2,1,89.84
35,3.3844274123664824,3,0,83.56
39,3.461053370892894,1,1,98.21
46,0.5298386074571602,1,1,101.68
29,2.1553123156311056,3,0,66.18
49,8.816353438657426,2,1,125.28
29,4.696591670558218,3,1,80.85
44,9.850227742727123,1,0,115.91
16,4.259225653951029,3,1,57.42
44,7.2942713204122915,1,0,100.71
47,3.178230907594927,2,1,109.6
10,3.956191590838868,1,0,23.29
30,2.311896882113499,2,1,74.39
25,3.7970925007442524,2,0,62.04
39,5.69875644399611,1,0,93.83
20,9.921842369302869,1,1,69.25
5,6.809916274181964,2,1,34.9
1,2.3928365668789837,3,0,13.62
30,0.9271336951197358,1,1,73.2
49,1.7003865724878509,2,0,104.99
3,5.84427441209395,2,1,33.92
45,7.76902312375928,3,1,118.09
14,9.433982469357096,1,0,44.89
30,0.6503201339697977,2,0,60.33
4,5.466221344837763,3,1,32.61
18,4.973239884120179,2,1,59.97
37,6.732522708769188,1,1,91.9
25,5.815999117420748,3,1,73.47
48,7.026871930533566,2,1,122.92
1,6.751784555117308,3,0,16.7
46,1.6116113861504888,1,1,108.59
15,8.097320179377835,3,1,57.55
9,1.670709469305086,1,0,22.34
15,7.1360409394868025,2,0,43.33
49,4.453380992585764,1,0,108.81
24,5.38158197847768,2,1,77.45
4,9.08133113656925,2,0,29.97
12,8.953895401498123,1,0,37.84
37,8.269634903722782,2,0,95.81
37,5.346409614335071,3,0,90.07
43,7.494278196271415,2,1,115.36
6,5.372522027428689,1,1,33.48
39,8.761257783510386,3,1,99.31
46,4.3263704157125495,3,0,104.48
24,9.71723577194133,2,0,71.41
11,9.357066203174337,2,0,42.49
13,7.5452248847919625,1,0,37.25
34,3.154450899672684,3,0,79.83
25,1.7507090935359546,1,0,49.91
7,8.619682775885376,2,1,40.66
4,2.070371718310632,3,1,34.74
8,8.615477495474689,1,0,34.34
20,5.162267563767425,1,1,65.31
29,4.36228944617699,1,0,70.19
45,9.080312398927077,1,0,109.7
46,6.23658433413264,1,1,118.28
10,5.977833067732319,3,0,39.1
43,5.808276473931778,1,1,105.15
34,4.026110402185548,3,0,86.14
26,7.963609483526709,1,0,71.31
41,2.9015852181498434,2,1,98.91
49,9.419502120392114,2,0,115.96
3,8.992859447946127,1,0,22.91
6,3.7060630939115327,2,0,26.05
5,7.429905813400805,3,1,40.54
5,5.945620347271119,1,0,17.65
47,3.707668368992729,3,0,114.3
23,9.890955655956743,1,0,61.91
49,0.7397547855585099,2,1,112.31
9,2.900137290902223,3,1,36.64
35,5.440703580555929,2,1,100.26
20,5.458553533046357,2,1,62.91
49,6.094864211982859,1,1,115.59
42,7.640923634217733,3,0,107.05
35,6.423039389933316,2,1,95.94
18,6.202673875016352,1,1,55.74
17,1.0083873976739113,1,0,41.03
24,4.077037733998334,1,1,62.64
3,2.704529527160982,2,0,14.58
32,3.021016060218767,1,1,73.5
35,5.7662060062332765,3,0,83.68
38,2.3953004918312804,3,0,94.02
13,3.2925164596605265,2,1,49.86
47,2.752304730914731,3,1,115.33
25,9.51077796057285,1,0,72.25
9,9.474324455625403,2,0,37.73
4,6.294444806662491,1,0,19.71
14,9.28296345295305,2,0,48.09
37,7.965220131949545,2,0,91.57
34,6.104504886617184,1,0,79.51
11,0.5611345092195592,3,0,35.27
41,7.838904717754338,3,1,111.21
3,7.173639245090454,2,0,24.9
28,6.344909706182933,1,1,79.61
29,7.724030960983481,1,1,81.75
9,5.372760565360275,2,0,29.15
3,7.188791077552721,3,0,21.72
25,9.384134823901686,1,1,75.52
34,4.07014765053782,3,0,82.59
12,7.227157431555941,3,0,44.1
42,5.019034271104108,2,1,105.48
9,6.906796692232825,2,1,50.11
15,7.747486687766459,3,1,54.63
40,0.9317987541400616,1,0,78.43
25,6.642704217512288,1,0,63.96
5,2.6540412518659733,2,1,26.85
11,6.865309109171885,3,0,42.25
34,4.949136766371228,1,1,88.18
24,7.848751047716428,1,0,66.63
15,1.672307744453166,2,1,41.99
38,6.4500623407338535,3,0,93.0
8,3.145471924811747,1,1,33.0
5,8.603328955640619,2,0,31.22
48,9.31964330354492,1,0,119.56
26,9.965783789951026,1,1,80.82
18,8.062070323059192,1,0,50.92
6,7.660473669066043,2,0,26.82
37,2.547257209241735,3,1,93.13
48,3.692067060406033,2,0,105.76
13,4.923984146741655,3,0,44.35
28,7.847119953931372,1,0,71.54
5,9.192175718240701,3,1,36.82
13,2.2968214502183537,1,1,39.14
17,9.262491104365978,1,1,61.53
40,7.108434197363551,2,1,105.72
45,6.302321941507867,1,1,112.16
32,2.3984920771784255,2,0,74.75
29,1.0274878116869304,3,0,73.42
3,5.900416535825429,3,1,32.56
40,6.689398991624478,1,0,91.88
34,2.502423768869538,2,0,75.01
40,5.786333955341836,1,0,92.43
27,8.636687326244449,2,0,65.63
13,8.43312648182269,2,1,52.1
45,9.309874215569824,2,1,117.35
33,3.975915190790364,3,0,76.87
6,3.5214709392337276,2,0,20.5
24,7.619547056817682,3,1,78.86
19,4.595567848421547,2,0,51.59
16,1.3317123082639157,3,0,43.3
40,3.1866107413697473,3,0,94.7
28,4.476531712549146,3,1,79.99
33,3.278906042024394,1,1,85.65
48,3.655952923999555,2,0,107.85
41,3.290871108656712,1,0,85.56
13,0.8942420882392548,2,0,38.23
43,6.552399657832204,2,0,102.94
45,6.174277993357959,1,0,100.49
25,6.707143235547465,3,0,65.3
42,2.326944012319461,2,1,102.68
36,3.3087181453186103,3,1,93.61
27,6.386351305976762,1,0,71.3
38,6.196461900369253,3,1,101.26
7,5.3101379388655445,2,0,25.45
5,3.8289258750968753,2,0,24.43
43,9.172844545359554,2,1,116.54
45,3.727817301839016,1,1,107.1
31,4.82838198615389,2,0,77.27
23,6.942081394064983,1,0,59.3
42,5.658703593234259,3,1,110.19
10,3.795416775461663,2,1,43.19
32,4.638625509336843,2,0,78.83
43,8.047567769608307,2,0,103.56
30,3.142226977122818,3,0,77.77
39,1.8514247778797466,2,1,87.68
31,3.4750504173828825,1,0,76.37
18,8.570575047135062,3,1,60.74
36,1.3454022911352932,3,0,81.14
2,9.921112697038293,3,1,35.76
14,5.639527539812794,3,1,53.02
13,9.856034567687393,3,1,60.8
29,9.420466009816787,1,1,79.96
12,4.80173028500371,3,0,40.98
39,2.385665208750816,2,1,93.84
2,2.0664053773688154,3,1,24.99
32,2.779898956764596,3,1,84.98
13,7.2462600853631045,3,0,46.15
46,3.0930249499491347,3,0,103.99
27,3.743540061240834,3,0,67.09
49,4.763398637948841,1,0,109.01
41,9.175710464003835,1,0,101.59
17,2.299237469906038,3,0,44.65
40,0.5477522497931295,1,1,89.22
31,1.0709158985926164,2,1,79.45
34,9.09528024596112,3,1,98.55
24,6.65140641601195,2,0,66.47
45,3.0938858836141643,2,1,105.92
35,2.1833287596063156,3,1,84.94
48,3.295533998052586,2,0,105.34
6,1.5905708088871608,2,1,26.09
19,9.44456264770219,2,0,57.93
30,7.949958656470035,3,1,87.01
7,4.892716180669137,3,0,32.56
10,8.717144748594418,2,0,38.21
41,2.869852940785707,3,0,95.76
32,7.312645400485838,3,1,92.44
34,8.633258740630563,2,1,95.53
28,3.88930276042109,3,0,70.76
15,7.695912231781818,1,0,46.08
30,3.303187318010939,3,1,79.57
37,3.3391427849607926,1,1,94.21
29,1.5170431962647677,2,0,65.57
22,4.680551441839288,3,1,64.09
4,7.432263111725511,2,1,33.71
20,9.432097652927206,2,1,65.59
32,6.236071423326413,2,0,81.35
36,8.69978760848952,2,0,97.68
4,8.313699168257157,2,1,32.11
27,2.146759003265168,3,0,67.22
17,5.115265574669999,1,1,47.41
12,1.610773587491219,3,1,44.78
22,6.980455034835532,3,0,60.81
17,9.524046848337722,3,0,55.41
10,1.8023498517481866,3,0,28.4
1,7.471889742624143,1,1,26.4
22,6.506262433244679,3,1,73.78
26,6.044247851576947,2,0,67.14
18,4.206142229539223,3,0,48.72
14,3.873750653661219,3,0,47.58
47,0.9298672956794347,1,1,104.14
29,2.570132728394128,1,1,66.37
12,0.6441803817248555,2,1,40.34
36,6.0234625030291955,3,0,86.72
35,1.505605740840134,3,0,84.22
12,8.793684243282303,3,1,53.05
7,5.46985869662307,2,0,30.02
29,7.14705413605773,1,0,75.93
11,4.403142372484716,2,0,30.98
33,5.825508185509962,3,0,82.04
6,9.45526218118299,1,1,36.96
47,1.2859733764248722,1,0,103.54
15,2.9124088332751135,2,1,46.39
32,7.909889105650171,1,1,85.08
11,1.4380034653853255,1,0,28.59
23,1.218780487089053,3,1,63.1
26,3.9346432881633664,3,1,75.36
34,1.3755956054881069,1,0,68.41
46,6.058245200958929,1,1,118.73
34,2.649614882757698,2,1,81.93
29,9.009130650394038,2,1,84.55
4,7.943250768029938,1,1,30.82
17,7.147199457945024,3,1,67.46
35,6.360968260152768,1,1,86.57
13,8.702924438243901,1,1,56.01
41,2.6190895846561904,3,1,105.2
39,8.794534006260163,3,0,101.44
15,8.000176835028498,2,0,45.05
29,7.607527850683013,2,0,77.12
29,5.831928941711778,2,1,78.58
11,2.8393195292207007,2,1,44.06
32,4.523705201923015,3,1,84.87
2,8.038921218118615,1,0,18.72
47,0.8018956013945822,2,0,99.54
14,7.929482308005704,2,0,42.93
20,2.780672034631882,3,1,63.39
22,1.8709374068552287,3,0,57.41
11,1.5991625227128705,1,0,31.03
27,0.7588751135327436,1,1,60.8
3,5.4740716096038025,3,0,26.4
17,2.57346879059043,2,1,59.38
44,9.8996017749065,2,0,107.49
28,5.9571491807859545,2,1,84.62
29,1.809910058882099,1,1,70.93
21,7.043244137707971,2,1,62.45
47,9.028563881842391,2,1,120.63
16,7.579205206011337,3,1,63.51
37,1.226178679874753,2,0,79.32
20,9.010899721330265,3,1,68.72
6,8.042329165669665,2,1,39.84
19,2.0038870510033364,1,1,52.02
5,0.9919659429617602,2,1,27.24
3,5.794450465485931,2,0,21.41
1,1.9823402077297807,3,1,23.41
38,8.428614049655085,3,0,96.35
15,3.9041792383809004,3,1,53.55
34,9.172478224997466,2,1,92.98
35,5.874037635339555,2,0,88.68
49,2.2353876502768473,1,0,102.45
25,1.8261892399181008,2,0,62.13
24,5.976488156798662,1,1,67.26
12,7.737894312693217,3,0,45.21
18,7.92430365355073,3,1,63.4
15,3.119695342192172,3,0,40.63
44,2.440344209665591,1,0,89.43
16,0.6591848926776329,2,1,43.82
27,6.952391936411109,3,0,72.46
8,1.2273984551186203,2,0,24.48
46,4.497231416776295,2,1,115.78
25,6.215980558173813,3,1,74.99
17,9.40253497673693,1,1,56.46
29,3.462120301079802,2,0,64.87
8,2.872835543241938,3,0,30.75
15,6.714521465717935,2,0,50.22
27,6.3827708045090255,2,0,73.37
46,3.6550429414271832,2,0,105.61
7,9.316967437342973,2,1,43.89
3,8.526192111151511,2,0,29.88
29,2.627834185718271,1,1,73.94
44,2.7718541816279703,1,0,97.1
24,5.366853295427266,3,1,72.09
3,7.848934966441843,1,0,16.69
20,0.9183836041904117,1,0,42.33
46,7.086683960479713,1,1,113.6
15,6.6582410251299216,2,0,46.17
25,2.699060911173388,2,1,73.83
30,6.972853625792814,3,0,79.7
14,9.431740316894786,3,0,54.68
7,0.944465527231801,3,1,31.11
17,3.5366945252745943,2,0,44.37
44,4.662678808330375,1,1,102.01
20,9.042973409784551,1,0,54.34
36,9.641483742786988,2,0,94.04
9,4.719094841715156,3,0,34.1
38,7.625269915350816,3,0,99.27
48,5.550779725762588,3,0,113.87
22,5.608937880043077,2,0,57.36
2,3.1419453931303862,3,0,24.16
24,2.5610843357068553,3,1,68.56
8,3.236050786278391,2,0,30.34
11,5.785116068942253,1,0,32.47
13,0.7769742672098454,2,0,35.29
17,9.118864971385856,2,1,64.46
8,1.984695240722874,2,1,33.6
21,2.5908424302781725,2,0,44.82
18,5.423623676252641,1,0,47.19
30,7.246090280204154,3,0,83.56
18,1.4094260200717743,2,1,53.7
46,3.5180996266980404,1,0,101.61
47,9.702408752956392,3,1,120.39
31,2.992258184418984,3,0,73.33
38,3.4739763780998953,3,1,99.45
32,8.446735660871319,2,1,91.9
11,0.9770371010593248,2,0,33.11
45,4.913825103685223,3,0,105.94
25,4.106359262290868,3,0,66.38
33,3.507574219132186,3,0,80.31
38,3.214146143425263,3,0,86.86
41,1.3680539961738873,3,0,86.28
8,3.490845378840664,3,0,31.53
11,0.9089978257988514,1,1,34.89
22,7.919156704622135,3,0,63.02
24,4.283164042601111,2,0,55.57
41,4.71708640703916,2,1,104.96
17,8.98914857127625,2,0,52.69
12,6.751522346681597,3,0,44.8
46,0.576561481750138,2,0,104.46
32,9.460160818132207,1,0,74.77
15,2.7528724267882567,3,1,49.03
16,1.522334755218659,2,1,47.66
22,7.797217694618381,1,0,63.06
28,5.254534500733823,1,0,61.97
20,4.6208203771711664,2,1,66.74
33,2.8702792569860467,1,0,73.71
10,5.700979153692027,2,1,42.26
40,3.1066537494245807,1,1,95.07
32,9.065038550227142,3,1,93.29
33,2.5444425574653313,3,0,81.96
2,8.901373929329658,3,0,23.15
33,5.814351544409891,3,0,84.76
33,8.370637272004789,3,1,94.4
41,7.272036960679072,2,0,96.62
13,7.118603558649111,3,0,53.44
30,3.5812851731030295,3,1,83.63
33,2.7220208489859328,3,0,80.92
13,2.503419162967487,3,0,42.17
26,8.643320742066093,1,0,63.7
22,8.29405479246069,3,1,78.7
39,4.685448516116919,3,0,86.5
2,1.7578438282163187,2,1,18.33
38,4.131396393785854,1,1,91.82
39,6.383762814300658,2,1,103.32
26,4.816829967559552,3,0,68.88
46,7.911798050588452,2,0,109.37
15,9.977416811388162,2,0,50.93
34,2.3157548402645203,3,1,85.54
42,4.866682786765939,1,1,97.81
44,4.594347068247809,1,0,100.07
49,3.392679061115033,2,1,119.17
40,2.3819074088427508,3,0,97.33
11,1.1240751066517627,2,0,27.32
3,8.927633513625135,2,0,27.47
6,4.488562628020017,2,0,23.88
9,5.220507425750465,3,0,38.4
6,9.2109494579087,3,0,37.88
9,7.874759536401505,1,0,33.45
39,1.73976200911325,3,1,96.59
31,5.871489692273553,2,0,79.69
32,4.701396626935812,2,1,86.99
41,8.073505189498245,1,1,103.06
12,7.380209202313518,3,0,40.09
8,7.058854358155184,2,1,39.72
8,3.7351759370590205,1,1,37.15
28,8.147155438792918,1,1,82.66
20,0.9977173081511816,2,0,44.16
47,2.0164365636055885,2,0,99.52
7,3.6884210932901613,3,0,32.36
11,1.2296706901581722,1,0,23.44
20,2.73244563657957,2,0,51.63
16,8.386434338480221,1,1,53.73
4,9.508389609005754,3,1,44.11
6,3.3937223798548097,2,0,20.78
22,3.012900137893963,3,1,68.95
26,3.1589801963410555,1,1,68.29
3,3.1383313298330164,3,1,28.46
41,0.8413367307667434,3,1,94.35
42,9.305705290145527,1,0,94.35
14,2.53013234491812,3,0,40.13
11,4.490038703773347,1,0,32.48
18,0.5920253860391935,2,1,47.51
12,8.650573363693043,1,1,44.71
23,7.445994772321713,1,0,61.85
12,9.49418233415018,2,0,45.93
13,7.925347052365791,1,1,48.47
25,3.4802118644946196,2,0,63.56
45,2.854796907920025,2,0,96.76
19,7.128304921756283,1,1,58.62
46,3.9590713625997447,3,1,119.88
36,5.879042649649858,3,0,90.02
45,0.5594459747514672,2,1,105.22
8,1.0879141659645148,3,0,33.55
29,5.585995441225687,3,1,79.18
32,5.877680641257569,1,1,86.21
44,7.638802972363765,2,0,110.45
18,1.7536705364276366,2,1,51.66
6,5.375239295689399,1,0,25.64
18,2.347252622101042,3,1,53.57
19,1.3853631358455996,2,0,44.02
22,4.3997100435752685,3,1,68.75
37,2.0516981568460437,2,1,93.47
32,2.6069287928270266,2,0,77.27
41,3.5167685087602667,2,1,105.98
3,2.9641898070603645,2,0,16.24
28,1.3321173253564909,3,1,78.58
10,1.3542043261671717,3,1,38.0
35,2.3358694447245973,3,0,85.21
29,0.9803122856156201,3,1,77.09
15,6.451341686930808,1,1,52.01
33,3.2296038068345685,2,0,78.11
7,3.1575866938061745,2,1,27.92
12,3.6539837952587693,2,0,32.11
49,6.796564604992356,1,0,111.5
30,8.77102187409316,3,0,77.09
21,7.711325859278565,2,1,70.06
31,7.411527687138403,3,1,92.73
24,5.101716263208068,3,0,65.63
20,7.091152791190412,1,1,58.27
37,5.75124249631904,1,0,89.77
4,2.5543800177720244,3,1,34.94
28,2.481589493539982,2,0,66.16
44,3.3157240653151927,2,0,100.51
20,9.152625374213226,1,1,65.33
24,5.700440983607396,1,0,61.14
49,7.472101081517759,1,0,111.85
32,3.7923082182572023,1,1,80.58
41,4.373299821319639,1,0,94.28
36,1.692872997053888,1,0,84.58
34,2.1273020993058687,1,1,77.99
36,8.359887270848382,2,0,90.23
2,6.05596700104438,1,0,12.54
15,3.70655842589628,1,0,43.34
34,8.127086485457687,2,0,84.43
36,2.841939103560838,2,0,77.93
6,9.772310636701937,3,0,37.57
39,3.7757672735886127,1,0,91.9
42,3.704454064436662,1,0,94.55
12,3.4631631025986995,1,1,40.81
3,1.6600594012807353,1,0,12.72
45,1.5558028996541178,3,0,105.58
18,6.656997828074172,2,1,57.36
40,8.813621423301447,2,0,98.88
21,8.009944847580897,1,0,55.66
15,1.8405221432028354,1,0,32.26
33,5.683030157024631,1,0,76.54
35,1.50311968677808,3,0,84.58
26,0.9302991143242357,3,0,64.1
8,6.735665664155289,2,1,42.04
36,5.583947169963328,1,1,91.82
48,1.279225009508973,1,1,110.49
30,0.8319228408568902,1,1,69.85
23,9.90268592738868,1,1,70.93
42,0.7852026554161828,3,0,94.75
44,4.723018403976517,2,0,101.92
14,5.293880733773108,2,0,42.9
14,1.614161404104228,3,0,39.01
2,2.106086895177304,1,0,9.03
37,3.842147560898349,2,1,103.24
5,7.735920824029795,2,1,38.32
38,5.317283028572533,3,0,94.22
45,6.560067808253135,1,0,102.14
41,9.85915827336141,2,0,101.44
47,7.796051635475491,1,1,116.3
14,4.626434232341568,2,1,49.82
39,4.741198257067213,3,0,88.47
25,6.378334731889548,1,1,65.86
20,6.820969479979591,3,0,57.32
2,5.256753795448377,2,1,26.51
39,6.6261816167423095,3,1,104.22
6,0.7235586969339383,3,0,26.52
17,4.581417207020019,3,1,53.42
25,3.1499117226980293,2,1,66.47
28,1.7271572298095488,1,0,66.15
2,1.4456918716833638,3,1,23.56
35,6.230325573339341,1,0,85.0
37,5.474205197949812,2,1,102.37
5,2.909049111465507,1,0,15.28
1,4.974025558338888,3,0,18.16
40,5.176206994232879,3,1,103.95
12,2.3525853141668502,3,1,38.67
36,6.694884087875681,3,0,90.11
45,7.9187338856678595,3,1,121.52
23,8.01890363845043,3,1,76.65
47,6.223463391682823,2,1,119.19
31,5.360566533930633,2,0,74.91
11,1.0795678585512514,2,0,27.65
10,3.234397339090256,1,0,31.66
3,1.3860787443926141,1,1,17.59
14,9.6563200283455,2,1,57.37
16,1.7832613891447266,1,0,38.16
10,1.9418663935854694,1,0,30.3
29,8.950977874139676,3,1,91.34
10,9.46731869302635,3,1,47.32
12,7.775375872731644,1,1,43.1
30,0.5513467748903638,1,1,73.56
41,0.5127895740873551,2,0,88.58
1,4.0919573129807825,1,1,17.77
5,1.862256015103479,3,1,32.84
20,0.6746683504401743,1,0,44.57
8,4.908633549342794,2,0,29.52
43,9.45908802536623,3,1,119.53
12,3.5762859615730984,3,0,37.24
1,6.780836445072617,3,1,33.88
20,6.6962358547581875,3,1,64.68
28,2.8852609848190935,1,0,65.3
43,6.679039863826711,2,0,106.32
37,2.517172755725467,1,1,84.64
47,1.6590704289804459,1,0,98.46
37,7.163141212817056,3,1,105.17
12,1.577687762487209,2,1,43.84
37,9.970637576598875,3,1,105.44
49,2.2427978109271782,1,0,102.16
49,6.144347696186347,1,1,121.08
44,4.408058428419599,3,1,115.16
28,1.7006710128538376,1,1,66.06
47,0.7645171219854272,1,0,94.54
15,6.415956681781916,3,1,57.3
6,8.164196855996698,1,1,37.13
44,8.499148784314068,2,1,113.85
20,5.085777994230877,3,0,58.67
14,7.885826938232663,2,1,51.7
2,6.892047768141175,1,1,18.99
9,7.380418011241765,1,0,30.8
37,5.179690549607234,3,0,90.96
20,6.5174115323002075,1,1,59.95
26,8.152496178972541,3,1,77.75
29,4.279899667791719,3,1,75.97
1,8.156799558242046,3,0,21.69
35,6.124160006496097,3,0,90.88
6,2.076059731522469,3,1,35.88
37,0.7344994936335538,2,0,84.66
5,3.9461592037919444,3,1,30.47
33,5.693615118815228,2,1,85.08
49,8.478293345933139,1,0,115.21
14,1.7111139613323387,3,1,49.47
12,8.101960302994001,1,0,40.35
42,8.698585937638656,3,0,100.01
20,1.931531126507921,2,1,54.3
24,8.59014603339008,2,0,66.8
43,9.918808894506524,2,1,116.34
34,7.404968894958257,1,0,84.41
25,7.955311977337385,3,1,79.37
29,9.946945041809297,1,1,84.91
39,6.252071879996481,2,1,101.63
31,3.4249206291543692,1,0,72.19
47,8.456542923722528,2,1,121.62
43,6.337614886360496,2,0,101.7
23,6.021356525349088,2,0,60.23
44,2.9095377773833637,3,0,101.61
38,7.685175561037423,3,0,97.98
20,1.2758391206709145,2,0,48.72
23,9.280727172549282,1,1,72.06
45,3.595322877319605,1,0,102.42
16,1.7138592015049092,3,1,52.37
42,4.702482064472979,2,1,103.11
8,0.9034641379370649,1,0,23.01
21,7.00394884551718,2,1,62.41
1,9.075702349230884,1,1,23.37
8,8.453998567815834,3,0,38.69
29,1.7100099977548702,2,1,76.11
32,1.6995758025234526,2,0,68.81
38,8.227627582080508,1,0,90.19
5,9.280415608729601,1,0,25.1
47,4.876363383418147,1,1,110.85
22,5.240225610680777,2,1,68.69
47,3.523489393164396,3,1,118.4
34,8.995518623435933,3,1,98.44
1,6.626577600277382,1,0,13.3
26,3.2383899830900007,3,0,61.81
43,3.3384372750153903,1,1,106.27
10,8.966400694104223,3,0,44.23
30,0.629523227105304,2,1,72.82
18,3.5659024409030646,1,0,46.51
17,5.766388471555506,3,0,51.44
26,1.9080658899435838,2,0,60.0
8,1.374938164896103,3,0,28.37
47,8.24512514536032,2,0,110.14
40,8.99684169216082,2,1,106.46
49,8.324260997582801,3,1,127.85
12,9.038484952504803,3,0,45.06
27,5.754563725054529,2,1,78.64
8,8.216452149408248,2,0,39.93
25,4.148405064715454,2,0,59.96
46,6.829544684050866,1,0,100.25
4,9.893937548197062,2,0,22.84
33,2.6444133764717104,1,1,80.52
1,4.204047589765265,2,0,12.32
19,5.060450084445813,1,1,57.21
31,1.8111471266904915,2,0,71.11
16,1.2698667994180395,2,0,35.1
14,8.382367230055433,2,1,49.13
48,9.779546541862068,3,0,120.56
5,4.344888106381758,3,0,25.92
41,1.332673443849206,2,1,96.72
26,1.1252117265604766,1,1,59.72
28,8.967522960422837,1,1,81.87
2,4.90623537241296,2,0,21.18
6,3.540259507342723,3,0,27.14
9,5.026382076774295,1,1,34.0
33,3.5238888995772997,3,1,88.42
41,5.14583986542239,1,0,88.62
25,8.6657857707204,2,0,72.17
48,6.126863025089909,3,1,122.44
13,7.099210841696666,1,1,42.34
9,3.9643714242261976,2,1,37.04
13,7.515805845849928,2,1,52.66
31,6.832862306354037,2,0,77.25
41,1.6358389786445362,3,0,92.63
11,5.940107104598054,3,0,36.24
4,2.939063214942701,2,0,20.11
34,8.13890886151913,3,1,95.26
38,4.546408230435925,1,0,79.35
46,9.949499569366628,2,1,119.81
4,1.378754160420156,2,0,19.01
38,7.913304696031506,3,0,95.71
19,6.900166468650486,2,0,59.56
6,7.791238890611702,1,1,35.97
34,3.421533057159335,3,0,83.15
18,5.174517649132806,3,1,60.38
13,8.06683093737523,2,1,51.9
41,2.7091426503981224,2,0,91.27
23,2.647315369492195,2,1,63.06
19,5.734984056301857,3,0,57.2
45,5.47385400553363,2,1,109.4
11,3.181493468922862,1,0,26.54
1,3.3317186799858165,2,1,17.63
24,3.139529050462372,2,1,72.85
7,7.829364588985633,3,0,36.34
25,6.693058222843376,2,0,66.95
21,8.4079632423974,3,0,60.44
15,9.766993768983207,2,0,52.52
1,5.004560814583871,1,1,20.16
12,1.133591873351764,1,1,37.34
7,0.9568769489143366,3,1,29.51
15,3.3088178730803817,3,1,52.44
21,9.359173598848283,2,0,60.77
19,5.470524022223311,2,1,57.91
29,3.081971902761227,1,0,67.83
25,4.292084547854685,2,1,65.83
33,6.186653520344373,1,0,79.97
49,6.7030217523095015,3,0,119.11
32,1.9622353429375978,2,0,70.3
49,9.781800927179171,3,0,119.21
35,5.675336156336494,2,0,83.84
44,1.7890390190266534,1,1,102.53
38,8.98953490678827,3,0,98.03
26,1.2090650952545736,3,1,72.11
11,9.123486615186371,2,1,54.97
35,9.967373734745333,3,0,92.43
8,7.154102091986787,1,1,32.59
46,7.8192486002029025,3,1,123.21
14,3.7043769464411205,3,1,55.61
10,9.444980100972371,2,0,41.35
2,5.5322826780294925,3,0,18.04
46,7.4576902426767715,2,0,108.81
9,9.279023301157155,2,0,34.56
3,9.764209771767328,3,1,39.57
21,8.415441387668405,1,1,61.57
26,3.378666316329285,2,1,70.17
8,9.682201407244783,3,1,44.51
48,6.467135546813932,2,1,120.08
2,9.341103525343618,1,1,27.91
6,6.9229977452363425,1,0,25.91
28,3.4187701375533446,2,1,75.2
29,4.015232979356751,1,1,72.06
26,5.729481882477935,3,1,79.47
25,8.005140994818879,3,0,70.86
12,3.520834237733182,2,1,40.32
5,6.007446078274825,1,1,36.73
34,3.7834374389758145,3,0,84.1
48,8.249809344033519,3,1,124.91
37,4.933916890795529,3,0,94.65
15,1.2288668551024098,2,0,43.37
44,2.0774989540745956,2,1,104.68
36,1.0804943423865068,3,1,91.66
15,5.24337798713609,3,0,43.9
43,1.510204324808158,1,1,98.82
48,1.584329708441505,1,1,108.78
23,9.439958470364582,1,0,63.71
6,8.790223185672527,2,0,32.18
46,4.794822669707977,3,1,117.87
44,9.865150548076954,2,0,109.51
43,0.5017720176212996,3,1,100.12
45,6.3328048345972405,1,1,107.68
21,6.356067685032766,1,1,60.89
23,4.845709030763938,1,1,63.42
43,4.271005742875782,1,0,98.56
16,4.826139787065772,3,1,52.75
47,4.442124142756965,1,0,102.59
15,7.4396785360818445,3,1,61.02
25,1.7858766322461985,3,1,68.78
36,2.3775725956157365,2,0,82.95
11,2.2149231697280243,1,1,35.9
15,2.993470558652013,1,0,38.26
4,5.489954978425041,2,0,21.55
21,1.5564830997130779,3,1,63.34
13,8.747608305601789,1,1,45.49
22,3.324934547430487,3,1,64.9
19,2.0441108809527244,2,1,55.96
34,6.918402441183312,3,0,88.98
14,0.8618198556935331,1,1,44.77
4,6.38970136630456,3,1,33.41
48,7.132885091426748,3,1,128.14
46,2.541707048173832,1,1,104.84
27,0.8986586977145257,1,1,70.33
29,3.9546309097347714,3,0,75.38
47,1.4366451872983965,3,1,110.41
28,1.6065395718967022,2,0,65.33
35,2.9154816987262135,1,1,85.22
8,3.3069452839542133,3,1,39.84
16,5.534718239703496,1,1,50.63
42,6.944722912278625,2,0,99.5
36,6.131323938266755,3,1,102.3
30,1.9094232042504098,3,0,71.57
18,2.134817308299951,3,0,50.68
2,8.848307873032688,1,1,27.6
49,5.80434699310908,2,0,117.71
13,8.764409412528046,1,1,48.11
4,4.029691857538807,3,1,29.2
26,6.336800070597576,2,0,72.08
25,5.474802452518802,3,1,73.88
30,3.5316731532943946,3,1,87.1
11,4.964196034319156,1,0,35.12
7,5.273663329855855,3,0,30.45
31,2.407324260188447,2,0,66.17
44,3.49259853757895,3,0,102.18
10,8.018392629816269,3,0,41.33
39,9.199988274814208,1,0,98.3
13,3.918043888680345,2,1,50.64
31,3.416236680985673,1,0,68.07
7,2.3543730634328837,3,0,28.94
49,6.945666102180522,1,1,121.71
42,3.569447165830204,1,1,103.57
42,9.88362062144229,1,0,103.32
36,3.5940056196075556,1,0,74.56
20,4.244292444434967,3,1,62.9
4,6.23167486401433,3,0,22.88
7,8.116000785317397,2,0,31.57
1,4.96042732078352,1,1,23.38
44,4.515232320995104,1,0,98.69
45,9.958559419150678,2,1,122.38
42,0.5996895908294722,1,0,88.92
47,9.003120244086835,2,1,117.61
13,1.9168378464275055,3,1,38.31
22,7.9662901239846775,2,1,70.4
21,6.370349818539831,1,0,53.91
22,3.7475492122318745,2,1,60.69
28,8.801812077449675,3,0,73.1
9,0.6226186658194237,1,1,27.73
26,2.653561194711775,3,1,72.4
9,5.8854815643705924,3,1,45.83
15,3.8396514704721314,2,0,42.33
10,6.298586205524113,3,0,43.27
24,0.7290468373823349,1,1,56.99
42,1.6063598395762688,3,0,98.05
8,1.7074142820751728,3,0,27.7
24,2.2981946362020897,2,0,59.53
16,4.863648687605156,3,1,54.99
49,7.645222645663926,2,0,118.68
26,9.10261896032456,2,1,80.54
27,8.436039037700338,1,1,75.62
37,2.370434781868994,1,1,88.52
4,4.690930246191008,1,0,17.32
24,2.3944101787060825,1,1,64.06
19,3.0124822583383124,2,0,44.98
36,5.283696324362919,3,0,88.84
39,1.147035734873464,1,1,91.91
10,2.5726561311360956,1,1,34.96
25,9.386092532417614,1,1,79.12
18,4.928104780255645,3,0,54.71
19,4.731171996789786,1,0,48.07
36,0.6383879701371495,3,1,90.61
10,2.850297597054285,2,1,39.16
33,8.729778141830723,2,0,86.3
5,2.063970068457353,2,0,13.62
47,4.443686925579851,3,1,116.76
49,0.636143605736512,1,0,97.5
35,5.044187075870281,1,0,84.4
44,0.699700513899063,1,0,91.87
34,8.286290754125098,1,0,82.85
33,8.336110791127485,1,0,84.19
21,7.983550788872513,3,0,64.24
17,3.191958654465623,2,1,49.4
22,8.45375357310727,1,0,59.47
48,5.658482259750058,2,1,117.48
37,4.051177034236523,3,1,91.84
15,6.440634617190214,3,0,46.59
35,0.6172399375735531,1,1,81.38
28,1.8581283372071455,3,1,75.44
7,7.5517886126174965,2,1,34.88
32,2.8195352828034537,1,0,74.68
11,6.181086614623121,1,1,41.97
10,4.158474726818781,2,0,32.35
9,8.620654898592983,1,1,43.13
14,9.547945406968115,1,1,50.96
13,8.893864919516808,2,1,54.71
25,3.0708899495891684,1,1,64.51
2,2.3445472559377816,1,0,7.83
35,5.007131489396983,2,1,93.23
7,0.5696744329437127,3,1,36.33
21,0.7451892322002265,2,0,51.29
18,5.7562610764185,1,0,50.4
3,5.444269339570217,2,0,18.6
42,9.94852889583497,1,1,105.13
39,2.4174974359557018,1,0,89.1
41,2.95198732702445,2,0,98.59
49,1.5786361020997235,1,0,108.0
11,9.216658591710575,3,0,43.82
39,7.889206822355282,1,0,89.37
24,8.31222155884005,2,0,63.27
46,9.076255985662833,3,1,117.56
19,5.486549873895464,3,0,54.91
4,4.786335318781875,1,1,31.0
26,3.638718999823357,2,0,63.03
38,6.0975388363046275,1,0,89.05
42,4.815644769503314,1,0,98.35
32,4.789873072752964,2,1,83.97
39,9.40081470544582,2,0,104.21
45,9.848299385651737,1,0,113.75
46,8.066601698631018,3,0,112.71
36,7.689201857345819,1,0,84.8
40,6.965302536901464,3,1,109.54
37,2.0777110971683803,1,1,87.07
33,1.061505298318718,2,1,78.12
36,7.061899993576,3,1,103.44
3,7.423469111437472,2,1,34.78
9,0.946243415432328,2,0,25.89
8,9.316491627174058,2,0,32.19
33,1.3658360747244367,2,0,70.36
6,3.216055070826423,2,1,31.15
41,6.887703221587692,1,0,93.83
39,2.113789646842525,3,1,97.15
4,1.0264509402013222,1,0,15.61
13,3.645891647059423,1,1,44.67
49,7.776729961124201,1,0,116.8
2,4.429947450359974,2,0,13.67
5,6.703242758125423,1,0,22.03
44,6.006381423667298,3,0,108.29
27,0.7110755792430139,1,1,67.41
32,9.891129876934214,2,0,89.43
21,0.8935668437841837,3,0,53.6
8,9.694126007660607,3,0,45.09
38,5.723709694461783,3,1,103.21
8,9.650010757118132,3,0,42.66
3,1.5901591944314368,1,0,10.41
44,5.158880932262376,2,0,101.78
3,2.110288872727557,3,0,20.9
22,0.984261331713203,3,0,59.32
6,6.36652659309196,2,1,37.74
2,2.4739424991360686,1,1,18.46
23,6.083121673731687,3,1,76.26
44,1.5674625785153635,1,0,86.78
2,3.653871478610676,1,1,16.21
38,7.925509301505848,1,0,92.93
17,4.6519894575007825,1,0,44.02
35,6.4635814415246955,3,0,90.51
34,6.650850437082687,3,0,87.17
23,8.51567291787929,1,1,71.49
30,3.5867665468630925,1,1,73.94
8,7.029307844533917,2,1,42.26
22,9.635350166938574,2,0,67.44
44,7.437311676399746,2,1,116.82
36,5.153769528818573,3,1,102.77
5,6.491815722673328,2,0,26.47
13,7.526987528749527,3,1,55.11
29,6.316619774091788,3,0,71.91
31,0.6584202281534719,3,1,78.39
47,2.3503482280286456,3,1,113.95
16,8.199448063546928,2,1,61.45
42,3.0901811494686044,1,0,89.8
30,7.449840135830772,1,1,84.56
16,4.035142044796137,1,1,49.05
12,5.45790111750046,2,1,45.66
17,1.145746348284335,1,1,47.47
16,2.221642829972241,2,0,40.16
12,9.593371153432729,2,0,43.1
8,8.956311507745683,2,1,38.32
20,6.696613553540977,1,1,60.3
3,4.866623675164505,1,1,22.86
16,6.919732282504626,1,0,43.83
30,6.376797746392421,3,1,87.82
45,5.901246428243815,2,1,114.83
23,1.0621821827036473,3,0,57.29
28,6.511624801284316,2,0,74.75
40,7.804740423426099,1,0,96.43
5,9.943775719132967,2,1,38.03
20,0.6052462496459419,2,0,45.52
40,7.436647806451428,3,0,101.09
44,5.931998501391814,2,1,112.62
1,4.623495672769089,1,0,16.13
30,1.7119166584280232,2,1,80.14
21,4.386308912031324,2,1,60.96
20,3.8665832383682854,2,0,51.49
6,3.376883945298051,3,1,36.08
22,7.443356421560973,2,0,64.37
18,7.156892452200506,2,0,55.55
8,6.09569086431866,3,0,33.95
39,9.417315726287036,3,1,105.36
32,3.8236166497181174,3,0,75.74
33,2.8161184082467057,3,1,88.04
16,6.731081474434796,1,1,54.12
12,2.388733578905328,1,1,35.29
38,3.4925998182425335,2,0,87.37
34,2.633723180711406,1,1,84.84
14,1.1569588933257617,2,1,40.28
36,8.361238045538897,1,0,90.86
33,2.9181351577557813,3,0,78.24
23,4.9937612817586965,3,1,74.26
45,0.9114950959159636,1,1,100.77
2,7.1437249294001095,1,0,14.64
41,3.640329521909763,2,1,100.09
21,7.5749989143774945,2,1,67.08
2,4.417829074444728,2,1,23.46
27,2.3596782608534337,3,1,73.89
9,5.375163281679341,3,0,36.06
1,1.739793316555678,3,1,21.1
11,4.68512201879345,3,0,37.83
3,3.514402035494622,2,1,20.14
23,9.163616049896515,3,0,69.92
26,1.0788228563468394,3,1,70.35
4,7.09316543400455,3,0,32.47
18,2.236136076880641,3,1,53.54
6,3.5309282061562786,1,0,14.87
35,4.447383599089626,2,1,92.53
22,9.126143349062255,2,1,72.73
43,2.804493527701339,3,0,96.18
15,1.367433624174367,1,0,30.46
22,3.5275512379099743,2,0,59.9
37,1.494421720087567,2,0,86.48
42,1.7216666166252488,3,0,88.12
12,5.951580680762754,3,1,48.55
47,1.0785683644451867,2,0,106.61
49,0.7938433732388773,2,0,103.76
42,7.286933963969729,1,1,104.46
38,3.935647400989923,2,0,87.06
18,1.691065817721796,2,0,41.17
45,2.9093213231672284,3,0,98.25
35,6.599821819847791,2,1,97.06
30,3.117597387838086,3,0,68.15
24,5.197950688643875,2,1,70.54
42,1.6561054139033866,2,1,103.14
30,6.086889557251746,2,0,70.78
14,3.5027379965110086,1,1,41.48
6,6.456200128022807,3,0,34.32
3,8.179751381888217,1,0,22.87
16,6.3106409842049285,2,0,45.61
7,3.3096018446526965,1,0,25.57
14,2.929565164708854,3,0,45.01
9,3.610499107967756,2,1,38.22
15,2.063894875746796,1,1,41.4
21,2.2211325830751907,1,1,55.09
35,8.011565468051595,3,1,99.88
2,4.154959476820727,1,0,12.67
27,4.641954215420565,3,0,72.78
2,6.143469922884706,2,1,22.63
35,6.101708203939703,2,0,80.67
18,1.1400802794582945,1,1,49.25
14,8.399637470207823,2,1,53.12
20,2.1846022556274245,2,1,55.4
18,7.369180542471854,1,1,52.75
10,7.840374387217583,2,0,37.82
25,7.29154557386748,1,0,63.78
2,6.00028764226438,3,1,31.96
25,0.6387854725343871,3,1,68.16
33,3.9235671774501215,3,1,88.49
36,6.245974578944521,1,1,95.9
31,4.180787311264117,1,1,75.33
14,8.703059001671724,2,0,48.66
1,3.433621615821346,2,1,16.14
46,3.288580528357274,2,1,108.42
16,3.026978084380251,2,0,38.9
46,3.661418255127557,2,0,105.84
3,5.795347160984778,1,0,17.5
35,7.216645295589613,1,0,83.78
41,6.794395218518458,3,0,97.87
6,8.173319289824057,3,0,32.36
25,8.916182957225537,3,0,70.08
13,8.252750902261837,3,0,48.53
34,0.6799813320563685,1,0,69.05
8,7.491220558743893,1,1,42.23
21,2.47979594937415,1,0,43.69
34,1.762816405725835,2,1,82.22
4,6.565643455591787,2,1,36.88
25,3.5375603563731017,3,1,71.0
15,1.042613052019211,2,1,41.62
4,1.8074824767844329,1,1,22.37
45,0.5088294602646302,3,1,106.34
12,9.08062445977472,3,1,52.11
32,0.7338708464917666,2,1,75.81
32,2.489829810340355,3,0,85.04
28,4.45449641653512,2,1,75.93
13,3.887427596532781,2,1,40.05
31,9.161395830671369,3,1,97.22
14,0.8827449844781501,2,1,45.16
20,5.36603972293199,2,0,51.75
18,6.9645548939815525,2,1,57.65
29,9.351130749971103,2,0,80.05
6,6.3935268951753494,3,0,29.85
32,8.135674742111746,1,1,81.43
29,1.29538690953081,1,1,76.3
43,4.166425353900809,2,0,96.95
2,4.052497777551141,2,1,28.57
23,8.919738056329317,2,1,77.21
19,1.9380261270011119,1,0,40.9
31,1.9429186371979874,2,0,74.01
5,3.6213024239150853,3,1,30.48
19,1.017427449984957,3,1,50.93
34,2.2333513861986556,3,1,87.08
10,9.669491566184483,1,0,38.7
25,4.567747428738142,2,1,69.46
2,6.504182480013146,2,0,18.84
11,7.398056963774051,2,0,42.53
31,3.9861333665684047,1,1,79.3
15,1.8986572068999112,1,0,33.32
9,2.462519654106918,1,1,34.8
23,3.4760315275157985,1,1,62.81
19,6.542649993346144,3,0,49.25
9,4.283665216346017,1,1,36.71
35,0.5647396300512171,1,0,75.02
21,5.472368258140983,1,0,53.27
9,9.25437722312047,2,1,48.56
28,8.214737304582451,2,1,80.3
46,8.339508026966495,2,1,119.52
7,8.053051167258246,3,1,38.38
16,3.5754428432990246,3,0,47.58
16,7.7693414206667235,1,0,52.51
33,1.8600328992063333,2,0,71.81
4,6.748303399121558,3,1,32.84
4,6.594901383507446,2,0,21.76
39,0.7429130913524793,3,0,88.5
40,7.98571626911385,3,1,105.79
17,9.08085699840374,1,1,59.89
37,3.0404451454850228,1,1,92.1
39,8.217711879768434,3,0,100.93
29,1.2828567326885079,1,1,65.62
36,6.199694653480127,3,0,93.29
38,5.113645220675632,3,0,95.48
39,5.6862735664355,2,0,95.02
37,9.298949417901278,1,0,92.07
35,8.777494848845109,1,0,86.83
7,7.958294743777692,1,1,40.03
27,3.100135347944524,2,0,70.42
28,9.162276972517871,2,1,80.88
22,1.4263230784068148,2,0,55.37
14,8.606627557308483,1,0,43.65
7,3.617520687359274,1,1,30.04
37,1.010836960788842,1,0,73.91
22,6.8588913502871085,2,0,59.43
5,2.697159319001577,2,1,25.05
2,2.813925695714003,3,1,23.83
27,3.4074480791733293,2,0,61.82
21,1.1050052912739088,3,0,51.31
38,2.1827078698834135,1,0,81.06
15,0.5488264620628229,2,1,45.11
21,4.731390450504975,1,0,47.25
10,1.3004260854707272,1,1,28.61
23,6.98519974791989,1,1,68.56
39,2.7384170863206596,1,0,82.72
5,9.463954368334182,2,1,41.42
1,8.7768904602872,1,0,18.84
13,3.2496885021979782,3,0,41.69
21,7.940546819238448,2,1,72.14
26,8.13082659431566,1,1,74.27
45,9.8723495840869,2,1,117.09
21,6.179479875034007,3,1,70.88
18,1.2786744791147908,1,1,50.45
37,6.644953674800619,3,1,100.41
45,6.4373076095723345,1,0,106.83
32,6.564330485494102,3,0,82.21
36,3.4178836569900093,1,0,80.23
17,8.666956058263162,2,1,61.06
35,9.614985738076413,1,1,92.62
49,2.5682688732924395,2,1,116.09
11,1.3374455022981224,1,0,31.2
21,2.348082815100599,1,0,49.86
26,8.295245322929329,3,1,81.54
4,6.928124030788551,3,1,34.91
34,6.542449752221703,3,1,95.81
48,4.317034783539533,1,1,115.72
18,5.9893657293586395,1,0,49.81
40,3.4248041901064905,1,0,87.14
35,5.033400754470632,2,0,84.52
41,8.034098769521231,2,1,109.49
29,9.82179517582689,1,0,72.71
29,9.358644774103118,3,1,89.54
38,9.371726457039363,3,1,100.57
42,4.321125481047567,3,1,108.93
21,4.953503864814514,1,0,54.41
42,7.203536265505325,3,0,106.05
13,9.260823316487201,1,1,49.71
49,1.8489454638448042,2,0,107.7
41,3.3902977063583597,3,1,108.36
17,1.8228450236440406,2,1,54.98
9,6.3140810346148255,3,1,44.38
41,3.4098594704316065,1,0,90.53
1,3.598024598869448,1,0,13.73
2,1.1737016151358028,1,1,12.26
48,3.8230625871721235,1,0,103.77
29,8.69371682031506,3,0,84.05
33,2.714191712962932,2,0,79.0
10,7.104280928995624,1,0,34.76
40,6.481469276916631,3,1,102.2
21,8.703103779506595,2,0,60.9
28,1.7567355026848632,1,1,67.87
11,9.78710462327791,2,1,51.67
34,6.034972137383473,1,0,77.62
8,9.957004447294736,2,1,41.86
22,9.159389895725583,2,1,65.54
8,2.604414085074505,1,0,26.57
49,1.0335390940814744,3,1,115.35
15,2.9285713910559346,2,1,48.86
17,5.511854665494488,1,0,45.26
23,2.1301654871193048,2,0,51.99
24,2.0908675729208905,2,0,53.36
45,4.894638697498954,3,0,103.33
19,0.816045726108905,2,0,43.05
5,1.6579367840565693,2,1,27.59
32,4.450682724375502,1,1,79.29
44,1.0997341374756813,1,0,97.89
1,4.269173036327529,3,0,20.49
23,5.003059526510229,2,1,69.93
37,4.787032833694587,2,0,86.82
8,8.757161145329329,2,0,39.68
13,5.535593322991458,3,1,50.65
8,4.945814393541412,2,1,37.32
23,4.401737831220829,1,1,64.11
43,8.26742209389262,3,0,109.51
1,9.003037737998415,1,1,28.42
45,8.605803457372616,1,0,104.48
24,6.898692492248213,3,1,73.75
35,1.8049365867024052,1,0,77.63
24,3.1302647101741163,2,0,60.84
17,0.9375991049787856,3,0,43.23
5,9.342828712406083,1,1,30.25
20,6.777586032063648,2,1,63.54
21,7.590447400975794,2,1,69.26
40,3.459931526031175,1,0,93.61
31,8.533708461634752,2,1,85.21
46,2.966231195230546,3,1,112.17
36,0.515615692568272,1,0,74.61
11,4.075942143946593,2,0,38.18
15,5.922234069111197,2,1,52.78
19,5.047696150672464,1,1,53.85
7,8.689723354477671,1,1,39.71
28,1.501350216583586,1,0,60.04
43,5.761322686020393,1,1,101.97
5,5.37330382329862,3,0,24.38
5,3.173233330635549,1,0,22.96
30,8.3111670694816,3,1,90.62
32,7.65206223088096,3,1,92.8
8,7.462162279652394,1,0,29.44
10,8.823828543560783,3,0,43.11
38,7.366453705904451,1,1,98.89
47,2.702492271289901,1,1,109.93
32,7.202845760672066,2,1,89.15
48,3.4231767272035167,1,0,106.74
28,2.80065917830097,2,0,66.27
17,1.1935341325464597,3,1,49.86
31,7.568271513302928,2,0,77.52
8,7.254509138523207,3,0,29.94
40,2.7277450379038903,1,1,101.17
25,7.619100658879482,3,0,73.02
9,9.219488389388754,3,1,46.34
2,1.526275096170003,1,1,16.44
15,2.710048064674362,3,0,41.15
3,7.627477543829497,1,0,25.07
49,3.1078133983172433,2,1,112.4
36,6.434307755695309,1,0,84.99
4,1.271060132405288,1,1,20.58
14,4.795923551483618,3,0,46.67
41,7.521368508933055,2,0,98.97
41,7.021882458910899,1,0,90.26
25,8.243184956420166,2,1,75.61
10,8.835795202730104,2,0,36.34
21,7.8452432619582035,3,1,71.01
36,6.8800835579197965,1,1,97.62
12,0.8013636722522959,3,1,36.98
27,5.582183397389718,1,0,62.97
40,0.8581283866911016,2,1,93.63
2,8.176644262602215,1,1,26.12
13,3.546882982369597,1,0,36.54
32,5.843079054120249,2,1,86.24
31,3.154730419529575,2,1,81.98
16,7.933751371612789,1,0,45.02
32,8.921774003098074,3,1,95.07
32,4.287103695024108,1,0,75.76
34,8.697762738354395,2,1,92.85
11,3.0372125708351576,3,1,45.9
10,5.579278769217476,2,0,34.53
15,8.658233583467688,2,1,60.12
17,3.5958727548500087,3,1,55.79
40,9.563401518241815,2,1,109.49
18,1.6578552669231446,2,0,44.36
9,0.6736131623733093,2,0,24.72
25,9.08928584949281,2,0,70.41
40,1.1521623284047862,2,0,89.34
14,9.922947361501171,2,0,45.14
25,9.538270188801508,2,1,82.61
22,1.8016986453450463,2,0,47.12
30,5.607053944079375,2,0,72.36
20,2.256742825937871,1,0,46.1
21,4.567474143786138,1,1,61.09
44,1.0835387279684103,2,1,108.35
32,2.6272835840676003,1,0,65.37
46,3.951091565789546,3,1,113.4
49,4.66715125233752,1,1,109.62
21,9.786214452984485,2,1,70.77
35,8.174723633997822,2,1,97.08
32,7.5053944709634886,1,0,83.03
30,5.601892490048756,2,0,74.76
39,8.479978725741262,3,1,110.85
49,3.723566938729255,3,1,122.34
12,7.234541571346503,2,1,47.55
41,9.940947766092634,3,1,109.68
47,3.4889746348843884,3,0,109.06
18,6.90316658139769,1,1,52.88
21,8.520991209447633,3,0,67.67
13,9.200172041831387,1,1,50.31
21,7.320360563930967,2,0,62.57
8,3.1942752724627943,1,1,30.35
46,3.5996804399049913,2,0,104.21
40,0.69720130517766,2,0,87.67
46,7.7284167878793415,2,0,109.46
7,0.906026257588538,2,1,28.06
23,8.714197368726085,2,0,66.25
44,1.6272758375081184,1,1,98.66
32,2.1328268652912805,2,0,69.57
11,5.027001472906255,3,0,42.27
22,7.509863944103053,3,1,74.45
22,1.820520949391238,2,0,52.93
43,4.680675213131735,3,1,115.02
25,5.0870871068959955,1,1,67.83
22,2.5167135958516176,1,1,62.74
28,1.5978045784660015,2,1,72.92
29,8.445998768363577,2,0,73.59
13,5.273423672746272,2,0,45.45
18,0.6366217418494533,3,1,56.93
2,8.128322362436487,3,0,24.83
29,9.817541151438556,1,0,77.91
21,6.256298856435349,3,1,67.17
15,5.2852296772986715,1,0,43.42
27,8.844950698927136,3,1,77.09
31,9.548909502003687,1,0,76.26
15,7.668100701073375,2,0,50.44
23,4.731802832475735,3,1,69.35
24,6.1261032936486846,1,0,60.81
44,7.158885967670993,3,0,103.7
13,2.3455989245171134,2,1,49.06
22,4.748409806056161,1,0,57.69
43,8.383302014814207,3,1,114.97
37,6.719890810735208,3,0,91.87
33,4.406438638512614,2,1,89.7
3,6.801944073139473,2,1,36.15
19,1.6231129146883687,1,1,54.3
23,4.3142273003663245,3,1,75.99
29,8.034721110649036,3,1,84.29
30,2.594833477798156,2,0,67.43
39,2.2666343217954683,2,0,83.83
44,9.532777269206099,1,1,114.62
47,2.4940274810691916,3,0,107.27
25,2.9787265066765967,3,1,71.01
37,9.71135141959121,1,0,93.99
47,7.479731417517744,1,0,111.92
8,7.146167063723518,2,1,36.14
42,8.602800646618523,2,1,109.11
16,1.6003192812495457,1,0,39.86
8,7.206584247510068,1,0,28.41
1,5.285041788618269,3,1,24.53
44,8.376931082699329,1,0,106.62
5,5.327346327319346,1,0,17.12
3,6.392292865554666,3,1,31.68
1,5.038550200795592,1,0,13.54
4,5.042509773780519,2,1,27.84
40,7.795714791587399,2,1,108.04
35,6.47138080614919,3,1,95.0
32,6.516000415289399,1,0,81.0
42,4.777683596399495,2,0,96.79
34,5.545540215206512,2,1,92.33
43,7.58431782894548,2,1,113.61
25,8.346438731563223,2,0,66.64
10,7.117333320368439,1,0,27.52
21,9.27869339403399,1,0,60.0
46,8.293078837398408,1,1,115.66
39,5.8377060031904255,1,1,99.42
27,6.8783576901155,2,0,69.64
27,9.299928630751362,3,0,75.66
2,6.382096420309055,3,0,28.6
41,8.335666005808392,2,1,104.09
48,7.043699784104877,2,1,122.77
13,5.743395430074432,3,0,41.89
9,2.7974628564458546,3,0,30.19
36,4.546976434950067,2,1,91.87
22,9.6935568359203,2,1,70.13
42,6.7487711410897,1,0,98.84
26,5.861756113220402,1,0,67.96
12,9.36308794251816,3,0,48.45
17,6.071861919855763,2,1,57.42
14,5.4977839249653275,3,0,42.29
14,7.71345312392695,1,1,52.12
34,7.270323380372172,1,1,96.37
20,2.3350200798801106,3,0,51.36
11,4.977428608454151,1,0,31.34
16,4.9888967067860595,2,1,51.8
31,4.093132894811776,3,0,75.67
6,5.414288080446405,2,1,25.89
19,4.42452027840787,2,0,51.85
37,2.3937821499762397,1,0,78.05
4,4.41748162910947,2,0,15.8
47,1.1866310019451776,3,0,107.04
4,5.96996569635691,2,1,27.71
20,8.609718214940564,2,1,65.9
10,7.390227301368275,2,1,49.48
24,3.9237433805140567,2,0,55.66
35,1.3271764529844279,2,1,81.39
26,2.420419292640072,1,1,67.44
37,5.682158234700939,3,1,102.97
38,2.467042292138812,1,0,77.98
21,5.667744557207191,3,1,68.72
40,2.70019073525704,3,0,94.79
39,8.564776760022692,3,0,93.67
21,4.274078991984368,3,1,67.81
10,2.8327309464726653,3,0,35.88
38,8.217098712347084,2,1,101.39
46,3.756970165651782,1,1,112.39
4,1.5591330344684284,1,1,24.75
45,5.918890168334595,2,1,113.19
20,6.024859942160893,3,1,64.68
17,7.289608914739475,1,0,45.02
7,2.782084615479663,2,1,32.06
4,4.715827721376328,2,0,22.78
29,3.1824952309052343,1,1,72.8
14,1.2690604930990372,1,1,34.31
3,8.82783135665097,3,1,40.05
24,7.424263142639241,3,0,68.71
37,3.3638990648586065,1,0,80.91
16,6.19404343228387,3,0,52.86
4,2.412005987277488,2,0,22.19
24,8.957247907059823,3,1,70.03
34,1.5916102619381478,3,1,88.69
30,0.5364528823241086,2,0,62.52
18,5.26907787852223,3,0,54.4
19,6.039714322802258,2,0,53.44
31,6.0001705428101415,3,1,89.91
19,1.0178633106593498,1,0,41.03
49,3.4834161657251084,3,0,106.61
46,5.242389994992652,1,1,109.51
19,2.5575022634587885,1,0,46.06
22,8.789945912116016,1,1,71.23
24,1.3275382498836232,1,1,57.48
45,5.130152195884407,1,1,111.78
12,7.068452546374944,2,1,46.66
30,2.986635451277583,2,1,79.57
38,6.430287001476422,2,0,90.12
31,8.37915892635256,1,0,78.12
36,2.3082012634029514,3,1,95.14
19,9.213595622336197,2,1,62.14
48,5.758806060292401,3,0,111.6
45,3.342704040860075,3,0,104.57
36,4.593153616131572,1,1,97.09
30,3.4658228959706854,1,0,65.61
49,7.3885560193665025,1,0,118.2
33,8.064856302443756,2,1,98.11
18,8.41290522702728,1,0,51.33
49,9.864798371064541,2,0,117.9
28,8.017200778718493,2,0,71.95
47,6.213148671541352,2,0,109.12
11,3.7225928347219464,2,1,37.36
45,5.6736567627521195,1,0,101.28
33,0.8901476415088515,2,1,85.83
17,7.575838217534174,1,0,46.53
6,4.736577678374967,1,1,29.38
4,0.6902206824557824,2,1,17.93
20,1.0938159443489026,1,0,45.76
48,4.180931406306688,3,1,120.06
47,6.042504430675133,1,1,114.25
27,4.909937515045203,1,1,71.71
15,6.3824410142754715,2,1,52.7
6,5.06279545851788,2,1,35.1
47,6.7861865320727945,1,0,107.09
14,2.581697614372608,2,1,46.82
11,1.5720102782444034,3,1,42.0
39,6.16612256894377,3,0,99.62
9,5.104550410894921,2,0,33.69
26,0.7552427134268853,1,1,64.71
16,4.11457791218384,3,0,51.73
